-BEGIN HEADER-,,,,,,,
NASA/POWER CERES/MERRA2 Native Resolution Daily Data ,,,,,,,
Dates (month/day/year): 01/01/2017 through 12/09/2022 ,,,,,,,
Location: Latitude  28.6209   Longitude 76.8221 ,,,,,,,
Elevation from MERRA-2: Average for 0.5 x 0.625 degree lat/lon region = 230.32 meters,,,,,,,
The value for missing source data that cannot be computed or is outside of the sources availability range: -999 ,,,,,,,
Parameter(s): ,,,,,,,
PRECTOTCORR            MERRA-2 Precipitation Corrected (mm/day) ,,,,,,,
TS                     MERRA-2 Earth Skin Temperature (C) ,,,,,,,
T2M_MAX                MERRA-2 Temperature at 2 Meters Maximum (C) ,,,,,,,
T2M_MIN                MERRA-2 Temperature at 2 Meters Minimum (C) ,,,,,,,
ALLSKY_SFC_PAR_TOT     CERES SYN1deg All Sky Surface PAR Total (W/m^2) ,,,,,,,
-END HEADER-,,,,,,,
YEAR,MO,DY,PRECTOTCORR,TS,T2M_MAX,T2M_MIN,ALLSKY_SFC_PAR_TOT
2017,1,1,0,13.91,22.41,8.01,44.05
2017,1,2,0.01,14.94,23.72,8.52,37.88
2017,1,3,0,15.82,25,8.38,51.15
2017,1,4,0,15.61,25.37,10.77,52.52
2017,1,5,0,15.81,26.19,11.25,56.03
2017,1,6,0.18,16.22,26.18,8.83,59.41
2017,1,7,4.5,16.1,22.26,11.09,24.9
2017,1,8,0,13.71,20.8,7.63,39.55
2017,1,9,0,11.75,19.28,6.39,47.6
2017,1,10,0,9.4,18.77,3.12,66.23
2017,1,11,0,8.47,18.4,1.43,70
2017,1,12,0,9.12,18.94,2.65,63.62
2017,1,13,0,9.95,20.42,4.12,58.46
2017,1,14,0,10.65,20.91,5.09,47.84
2017,1,15,0.03,13.05,23.57,5.57,59.4
2017,1,16,0,13.04,22.46,7.1,52.48
2017,1,17,0,10.61,18.84,3.65,52.41
2017,1,18,0,12.3,22.07,4.76,59.69
2017,1,19,0,12.19,21.49,4.9,68.06
2017,1,20,0,11.38,21.09,3.96,68.1
2017,1,21,0.05,13.04,20.71,7.08,43.47
2017,1,22,0.04,16.26,25.9,8.94,46.84
2017,1,23,0,16.34,25.78,8.55,58.93
2017,1,24,0,17.37,26.49,9.97,58.95
2017,1,25,0.27,18.82,27,12.51,42.97
2017,1,26,15.43,17.79,25.8,12.38,9.84
2017,1,27,10.46,14.2,19.87,9.69,55.3
2017,1,28,0,13.94,22.15,6.58,58.03
2017,1,29,0,14.77,24.37,8.19,67.32
2017,1,30,0,15.3,25.02,8.5,68.45
2017,1,31,0,15.27,24.73,10.22,68.49
2017,2,1,0,14.58,23.56,7.7,72.1
2017,2,2,0,14.3,24.08,9.4,63.9
2017,2,3,0,15.3,25.58,7.62,66.43
2017,2,4,0,17.54,26.06,10.68,56.48
2017,2,5,0.24,17,24.98,11.17,54.72
2017,2,6,0,14.29,22.8,8.34,68.04
2017,2,7,0,13.62,22.95,5.48,84.77
2017,2,8,0,14.87,24.99,8.4,81.3
2017,2,9,0,13.79,22.89,7.51,82.37
2017,2,10,0,13.6,23.5,6.08,87.43
2017,2,11,0,14.49,25.03,6.78,84.55
2017,2,12,0,14.37,24.49,6.77,66.95
2017,2,13,0,14.48,24.99,6.59,76.72
2017,2,14,0,15.65,27.05,7.01,85.28
2017,2,15,0,18.15,28.89,9.55,85.24
2017,2,16,0,20.12,29.2,13.51,81.44
2017,2,17,0,20.67,29.28,13.91,72.75
2017,2,18,0,21.11,31.24,12.49,86.18
2017,2,19,0,22.55,32.12,15.29,86.53
2017,2,20,0,22.38,32.08,14.47,84.76
2017,2,21,0,17.93,26.54,10.96,91.55
2017,2,22,0,17.33,28.02,11.33,96
2017,2,23,0,16.98,27.53,7.93,98.77
2017,2,24,0,17.12,27.87,8.14,100.61
2017,2,25,0,18.91,29.89,10.26,102.42
2017,2,26,0,18.95,29.9,9.9,102.56
2017,2,27,0,20.15,30.87,11,101.98
2017,2,28,0,22.13,32.03,14.98,95.36
2017,3,1,0.08,23.71,30.87,17.85,89.79
2017,3,2,1.14,22.48,29.22,16.07,81.45
2017,3,3,0.01,20.75,29,12.49,80.58
2017,3,4,0,18.91,28.17,10.12,102.62
2017,3,5,0,19.57,29.64,9.97,106.57
2017,3,6,0,20.98,30.6,11.43,106.07
2017,3,7,0,22.87,31.22,16.94,93.57
2017,3,8,0.11,22.51,29.48,14.37,82.34
2017,3,9,2.42,22.94,29.75,14.55,77.97
2017,3,10,6.15,21.06,27.45,13.88,77.17
2017,3,11,3.9,17.39,24.26,11.36,93.29
2017,3,12,0,16.65,24.55,10.26,102.93
2017,3,13,0,16.7,26.18,8.32,109.49
2017,3,14,0,18.73,28.1,12.71,103.02
2017,3,15,0,20.24,30.28,12.52,105.81
2017,3,16,0,21.76,30.57,12.35,86.72
2017,3,17,0,21.23,29.96,12.82,110.5
2017,3,18,0,22.23,31.39,13.89,104.52
2017,3,19,0,23.46,32.29,13.85,101.3
2017,3,20,0,23.55,33.12,14.92,110.16
2017,3,21,0,25.83,35.66,16.83,113.18
2017,3,22,0,27.82,38.36,17.94,118.09
2017,3,23,0,29.03,37.76,20.65,115.4
2017,3,24,0,28.69,37.51,19.79,107.01
2017,3,25,0,27.73,36.98,18.25,121.73
2017,3,26,0,29.49,38.23,19.89,123.6
2017,3,27,0,30.79,40.61,19.65,121.16
2017,3,28,0,31.39,40.45,21.78,117.22
2017,3,29,0,32.12,41.37,22.08,122.31
2017,3,30,0,32.71,41.32,22.33,125.8
2017,3,31,0,31.88,40.39,23.82,115.87
2017,4,1,0,31.65,40.33,21.17,122.78
2017,4,2,0,31.96,40.73,21.85,124.24
2017,4,3,0,31.59,40.19,21.37,128.08
2017,4,4,0,32.51,39.98,22.12,104.65
2017,4,5,8.79,31.26,38.5,22.56,112.41
2017,4,6,2.05,29.9,39.13,21.86,116
2017,4,7,0.03,26.16,34.4,18.34,102.34
2017,4,8,0,26.19,35.45,15.86,121.66
2017,4,9,0,25.94,34.7,15.29,133.26
2017,4,10,0,26.98,36.29,16.54,132.43
2017,4,11,0,28.45,38.65,17.24,135.01
2017,4,12,0,30.33,40.85,18.8,129.46
2017,4,13,0,31.76,41.58,21.58,129.52
2017,4,14,0,32.69,42.42,25.67,126.63
2017,4,15,0,33.78,43.26,25.65,125.1
2017,4,16,0,34.94,44.46,23.76,134.52
2017,4,17,0,35.3,44.3,26.97,126.34
2017,4,18,0,35.4,44.69,24.66,125.86
2017,4,19,0,36.28,44.55,26.07,128.72
2017,4,20,0,36.88,45.37,25.71,131.32
2017,4,21,0,37.69,44.69,26.98,120.35
2017,4,22,0.03,37.22,43.77,28.76,114.09
2017,4,23,1.03,35.16,40.83,25.67,125.34
2017,4,24,0,34.43,38.65,25.96,126.91
2017,4,25,0,33.12,39.8,23.62,131.03
2017,4,26,0.42,33.62,40.29,23.69,126.3
2017,4,27,0,34.13,40.73,23.43,112.84
2017,4,28,1.33,34.29,40.65,24.39,106.34
2017,4,29,0.93,34.77,40.83,25.62,113.78
2017,4,30,0.45,34.88,40.19,25.07,122.2
2017,5,1,0.02,33.47,39.46,23.98,136.7
2017,5,2,0,34.69,41.91,25.87,130.74
2017,5,3,0.15,35.9,42.51,26.86,84.52
2017,5,4,1.11,34.37,40.53,25.79,135.62
2017,5,5,0,35.61,42.47,25.19,128.63
2017,5,6,0,36.81,43.45,26.44,134.21
2017,5,7,0,37.87,45.19,27.9,133.1
2017,5,8,0,38.63,45.32,28.23,124.71
2017,5,9,0.02,38.4,45.37,28.87,127.26
2017,5,10,0,38.92,44.53,27.75,120.27
2017,5,11,0.43,39.43,43.27,30.13,136.19
2017,5,12,0,39.37,43.62,29.5,125.06
2017,5,13,0.02,39.32,44.71,28.62,135.83
2017,5,14,0.04,39.87,45.76,30.58,128.82
2017,5,15,0,40.15,45.36,29.28,143.9
2017,5,16,0,39.8,43.87,30.37,131.88
2017,5,17,0.8,38.62,41.08,29.09,120.5
2017,5,18,0.35,37.63,41.23,27.73,128.05
2017,5,19,0.27,39.51,43.68,30.15,112.42
2017,5,20,0.07,38.57,42.57,28.99,119.91
2017,5,21,0.92,39.69,42.84,29.37,105.81
2017,5,22,3.2,35.45,38.48,27.15,63.39
2017,5,23,0.05,37,41.14,27.08,121.24
2017,5,24,0.01,39.94,43.04,30.62,125.87
2017,5,25,0,40.08,44.15,30.47,132.48
2017,5,26,0,41.3,46.01,30.74,134.4
2017,5,27,0.01,40.85,46.13,30.3,137.88
2017,5,28,3.87,38.24,42.22,29.6,128.74
2017,5,29,10.1,35.02,38.84,25.51,127.8
2017,5,30,0.1,36.39,39.29,27.31,128.67
2017,5,31,0.61,36.8,39.65,27.67,68.27
2017,6,1,7.35,34.2,38.69,27.39,115.21
2017,6,2,0,35.87,41.76,26.68,136.08
2017,6,3,0,38.29,45.01,28.33,140.41
2017,6,4,0,40.01,47.01,29.96,135.33
2017,6,5,0,40.7,45.58,33.11,131.01
2017,6,6,0.01,40.74,44.8,32.69,124.88
2017,6,7,1.01,39.97,40.47,31.39,113.86
2017,6,8,4.62,36.98,39.36,29.26,108.84
2017,6,9,0.19,37.82,39.62,27.9,118.09
2017,6,10,0,39.09,41.83,29.48,111.62
2017,6,11,0.06,38.47,41.87,30.26,137.87
2017,6,12,0,38.05,42.28,27.37,135.73
2017,6,13,0.47,39.57,43.3,30.85,129.23
2017,6,14,1.85,40.93,44.68,30.69,105.36
2017,6,15,0.69,36.77,40.45,30.01,131.47
2017,6,16,8.45,35.23,39.85,27.65,111.12
2017,6,17,2,36.33,39.31,27.72,52.13
2017,6,18,0.99,37.47,40.69,31.22,115.16
2017,6,19,21.88,33.37,37.02,29.88,119.84
2017,6,20,2.81,35.58,38.34,28.49,117.27
2017,6,21,25.07,31.5,34.33,26.89,118.15
2017,6,22,0.74,32.88,35.8,26.55,107.02
2017,6,23,0,35.17,38.82,26.23,125.65
2017,6,24,0,36.85,39.78,28.19,128.84
2017,6,25,0.22,38.26,41.14,29.17,118.21
2017,6,26,0.1,37.66,40.78,29.8,114.54
2017,6,27,7.1,36.98,39.59,30.48,111.99
2017,6,28,29.24,34.04,37.05,27.96,67.18
2017,6,29,26.65,29.78,31.96,27.02,70.43
2017,6,30,8.91,31.85,34.63,27.44,77.48
2017,7,1,13.26,32.78,35.64,26.42,111.72
2017,7,2,10.33,33.27,35.83,27.41,70.77
2017,7,3,1.1,33.78,36.47,26.98,113.3
2017,7,4,4.29,33.73,37.93,27.76,113.65
2017,7,5,1.4,33.89,38.6,27.96,96.61
2017,7,6,5.68,33.76,37.9,27.53,101.54
2017,7,7,2.07,33.45,37.83,26.37,98.66
2017,7,8,0,34.3,38.87,27.17,108.55
2017,7,9,0,34.53,39.12,28.38,127.67
2017,7,10,0.04,35.44,40.39,28.27,121.75
2017,7,11,11.99,33.33,36.93,28.38,93.91
2017,7,12,1.17,33.05,36.49,26.82,83.12
2017,7,13,0.16,32.3,35.43,26.18,128.78
2017,7,14,0.08,32.8,36.37,26.71,123.51
2017,7,15,0.6,33.18,36.95,27.24,117.03
2017,7,16,1.15,31.61,34.03,27.49,101.93
2017,7,17,6.15,31.48,34.4,27.92,72.85
2017,7,18,1.28,33.19,36.65,26.83,113.2
2017,7,19,0.61,35.22,39.18,27.81,126.46
2017,7,20,13.23,30.44,32.8,26.85,75.14
2017,7,21,0.05,31.55,34.32,26.76,128.62
2017,7,22,4.87,29.73,33.18,26.9,96.87
2017,7,23,2.21,31.49,35.46,25.89,90.07
2017,7,24,21.82,29.57,32.83,26.3,101.6
2017,7,25,2.94,31.1,34.51,25.58,97.94
2017,7,26,1.48,31.28,34.1,25.89,112.02
2017,7,27,0.25,31.24,35.35,26.42,113.42
2017,7,28,2.63,31.57,35.33,26.23,108.58
2017,7,29,0.11,31.15,35.01,26.26,96.79
2017,7,30,1.17,31.86,34.49,26.33,95.91
2017,7,31,7.74,28.91,30.76,26.28,57.05
2017,8,1,17.05,29.16,32.53,25.86,56.23
2017,8,2,1.85,30.9,34.67,25.47,80.12
2017,8,3,0.2,31.3,35.64,26.29,95.05
2017,8,4,0.27,32.02,36.94,25.65,90.13
2017,8,5,0,32.69,36.83,25.65,94.11
2017,8,6,6.4,32,36.12,26.82,98.3
2017,8,7,10.51,31.01,35.32,26.87,69.4
2017,8,8,2.05,33.15,36.68,27.76,70.37
2017,8,9,8.57,31.76,34.37,28.64,63.12
2017,8,10,0.09,32.58,37.3,27.44,103.08
2017,8,11,0.01,32.76,38.74,26.57,102.91
2017,8,12,0,32.62,37.81,27.06,108.53
2017,8,13,0.01,32.71,37.05,26.36,106.88
2017,8,14,0.04,32.94,36.45,26.31,101.74
2017,8,15,0.02,33.26,37.44,26.65,108.36
2017,8,16,0,32.61,38.73,26.71,124.99
2017,8,17,0,32.91,38.82,26.08,126.88
2017,8,18,0.11,33.36,38.98,25.82,125.45
2017,8,19,24.82,30.28,34.27,26.51,65.02
2017,8,20,1.37,32.02,36.2,25.65,120.71
2017,8,21,1.68,32.29,35.83,26.12,114.62
2017,8,22,2.71,32.77,36.48,26.51,83.79
2017,8,23,19.28,30.4,33.8,26.65,58.58
2017,8,24,0.62,31.79,35.7,25.46,99.49
2017,8,25,1.57,31.23,34.37,26.73,81.09
2017,8,26,11.7,30.62,34.44,25.75,93.79
2017,8,27,0.19,31.9,36.62,25.59,117.58
2017,8,28,2.8,29.84,33.6,25.39,91.7
2017,8,29,0.23,28.99,32.49,25.41,89.44
2017,8,30,2.6,30.15,33.39,26.02,86.33
2017,8,31,29.2,28.42,31.3,26.15,55.29
2017,9,1,19.19,28.98,32.84,25.48,80.94
2017,9,2,7.29,28.44,32.53,23.87,74.24
2017,9,3,0.03,29.29,33.88,23.12,111.69
2017,9,4,0.04,29.8,35.07,23.93,109.41
2017,9,5,0.97,30.31,35.35,24.74,109.98
2017,9,6,7.92,30.07,34.55,24.44,111.69
2017,9,7,9.3,29.65,33.74,24.55,100.95
2017,9,8,0,29.69,35.01,24.01,107.26
2017,9,9,0,29.84,35.76,23.34,115.27
2017,9,10,0,30.4,36.48,23.81,113.26
2017,9,11,0.39,30.44,36.02,24.55,86.34
2017,9,12,0.2,29.93,35.74,24.41,91.97
2017,9,13,0.01,30.34,36.33,24.2,96.88
2017,9,14,0,30.5,35.8,24.62,83.03
2017,9,15,0,30.44,35.85,24.86,103.82
2017,9,16,0,29.28,34.92,24.41,48.98
2017,9,17,0,29.97,37.26,23.3,80.27
2017,9,18,0,29.44,37.62,21.63,109.27
2017,9,19,0,29.33,37.34,24.8,99.39
2017,9,20,0,28.8,37.9,23.06,99.78
2017,9,21,0.37,29.76,37.1,22.07,101.55
2017,9,22,15.71,26.27,29.37,23.18,63
2017,9,23,45.89,24.97,30.47,21.17,57.4
2017,9,24,0.02,24.8,32.97,18.15,100.22
2017,9,25,0,27.11,35.26,20.06,109.39
2017,9,26,0,27.51,35.25,21.01,106.3
2017,9,27,0,27.43,36.2,21.76,105.1
2017,9,28,0,27.88,36.54,23.38,106.52
2017,9,29,0,27.36,36.3,22.32,99.61
2017,9,30,0,26.97,36.4,20.7,106.87
2017,10,1,0,26.76,36.44,20.77,111.98
2017,10,2,0,27.21,37.37,22.65,111.45
2017,10,3,0,26.15,36.34,19.68,108.95
2017,10,4,0,26.24,35.98,21.87,98.88
2017,10,5,0,26.24,35.54,19.9,94.99
2017,10,6,0,26.53,36,21.45,93.64
2017,10,7,0,26.05,35.31,19.57,99.84
2017,10,8,0,26.8,34.99,22.64,97.11
2017,10,9,0,27.57,35.75,23,90.11
2017,10,10,0,27.47,35.27,22.41,87.19
2017,10,11,0,27.32,35.01,22.3,86
2017,10,12,0,26.62,34.52,21.8,81.95
2017,10,13,0,26.81,35.73,20.91,84.98
2017,10,14,0,26.5,37.17,21.19,94.13
2017,10,15,0,25.63,36.92,19.82,95.43
2017,10,16,0,25.19,36.62,18.55,93.75
2017,10,17,0,24.45,35.25,19.24,89.06
2017,10,18,0,23.74,35,19.61,88.48
2017,10,19,0,25.25,35.76,18.87,86.92
2017,10,20,0,26.14,35.98,22.12,84.76
2017,10,21,0,24.25,35.21,19.9,75.4
2017,10,22,0,24.44,36.09,19.86,86.79
2017,10,23,0,24.09,35.13,17.71,86.5
2017,10,24,0,22.73,34.05,16.58,73.96
2017,10,25,0,22.32,32.94,15.4,69.48
2017,10,26,0,21.94,32.98,15.76,66.05
2017,10,27,0,22.15,32.33,15.56,62.05
2017,10,28,0,23.12,33.1,16.66,76.44
2017,10,29,0,21.84,31.44,16.89,65.16
2017,10,30,0,21.62,31.01,17.23,64.58
2017,10,31,0,21.46,32.12,17.62,59.8
2017,11,1,0,22.04,32.42,15.37,62.28
2017,11,2,0,21.6,31.89,17.68,61.26
2017,11,3,0,20.99,30.01,17.37,53.45
2017,11,4,0,21.51,30.04,17.76,56.48
2017,11,5,0,22.22,29.92,18.01,63.62
2017,11,6,0,21.11,30.44,16.23,56.03
2017,11,7,0,19.76,29.88,15.33,50.49
2017,11,8,0,19.55,30.06,14.95,50.48
2017,11,9,0,20.31,31.3,15.79,53.66
2017,11,10,0,19.77,30.32,15.13,55.88
2017,11,11,0,19.94,30.15,16.19,53.16
2017,11,12,0,18.61,28.78,14.83,49.38
2017,11,13,0,18.83,28.77,14.37,51.9
2017,11,14,0,18.98,27.75,12.99,49.73
2017,11,15,0.01,19.05,27.69,12.61,45.68
2017,11,16,0.01,19.48,26.85,13.52,38.94
2017,11,17,0.25,19.1,25.89,14.73,35.42
2017,11,18,0,19.27,27.3,13.63,51.59
2017,11,19,0,17.53,25.61,12.03,51.89
2017,11,20,0,15.73,25.4,8.88,58.73
2017,11,21,0,15.2,24.96,8.29,65.31
2017,11,22,0,15.55,26.12,8.62,64.27
2017,11,23,0,15.58,26.21,8.08,65.26
2017,11,24,0,15.53,26.65,8.23,66.02
2017,11,25,0,15.72,27.11,8.95,64.12
2017,11,26,0,15.63,27.38,12.44,63.23
2017,11,27,0,15.37,26.6,8.73,61.84
2017,11,28,0,16.49,28.33,9.61,67.71
2017,11,29,0,16.43,27.81,10.69,67.36
2017,11,30,0,16,27.32,12.15,61.53
2017,12,1,0,15.75,26.73,11.12,59.25
2017,12,2,0,15.44,26.41,12.23,54.22
2017,12,3,0,15.21,25.26,12.08,43.48
2017,12,4,0,15.37,24.1,12.8,43.98
2017,12,5,0,16.85,25.05,13.68,31.16
2017,12,6,0.03,17.09,26.08,10.07,49.85
2017,12,7,0,16.98,25.9,12.13,64.85
2017,12,8,0,16.02,26.16,9.04,67.14
2017,12,9,0,16.08,27.07,9.81,63.57
2017,12,10,0,15.63,26.33,12.78,63.48
2017,12,11,2.73,15.55,23.8,10.99,33.05
2017,12,12,2.49,16.93,22.75,11.57,30.71
2017,12,13,0,14.15,21.78,8.89,33.73
2017,12,14,0.06,12.44,20.55,5.66,45.09
2017,12,15,0.2,12.43,21.92,5.33,42.05
2017,12,16,0,11.59,21.55,4.51,56.35
2017,12,17,0,12.42,23.92,4.38,69
2017,12,18,0,13.88,25.57,6.55,66.85
2017,12,19,0,13.84,23.95,7.86,55.96
2017,12,20,0,15.31,25.26,9.31,46.66
2017,12,21,0,16.4,26.33,9.98,50.87
2017,12,22,0,15.76,25.38,9.89,61.38
2017,12,23,0,14.86,25.58,8.62,69.68
2017,12,24,0,14.69,25.65,10.53,60.46
2017,12,25,0,13.4,23.33,8.1,58.03
2017,12,26,0,12.82,24.31,6.47,56.78
2017,12,27,0,13.87,25.7,8.79,57.78
2017,12,28,0,14.63,26.13,12.01,53.14
2017,12,29,0,14.42,25.33,9.12,48.87
2017,12,30,0,12.4,22.76,6.97,43.6
2017,12,31,0,11.95,22.56,8.07,40.69
2018,1,1,0,10.8,21.4,6.86,55.34
2018,1,2,0,9.93,19.95,5.44,38.45
2018,1,3,0,10.2,21.73,6.66,40.46
2018,1,4,0,10.87,23.22,5.11,51.48
2018,1,5,0,11.41,23.26,6.05,51.81
2018,1,6,0,11.37,22.06,5.98,44.72
2018,1,7,0,11.28,21.83,4.08,58.41
2018,1,8,0,11.23,22.11,4.19,63.45
2018,1,9,0,11.54,22.9,4.98,57.42
2018,1,10,0,12.3,23.85,4.93,64.5
2018,1,11,0,13.25,24.98,5.15,71.38
2018,1,12,0,14.48,25.44,6.76,63.62
2018,1,13,0,13.56,24.81,9.42,64.37
2018,1,14,0,13.33,25.44,7.95,70.41
2018,1,15,0,13.04,24.44,5.61,70.57
2018,1,16,0,13.38,26.56,4.95,72.8
2018,1,17,0,13.71,25.91,5.49,68.62
2018,1,18,0,15.69,27.99,10.18,66.53
2018,1,19,0,15.04,25.89,8.33,56.69
2018,1,20,0,13.72,25.17,5.7,68.51
2018,1,21,0,13.03,24.87,5.01,73.14
2018,1,22,0,13.67,25.29,7.72,67.56
2018,1,23,2.75,12.18,17.12,8.15,26.89
2018,1,24,0.02,12.08,19.81,6.69,39.75
2018,1,25,0.03,12.27,21.53,5.73,44.39
2018,1,26,0,12.4,24.01,7.22,52.29
2018,1,27,0,11.9,23.17,5.59,48.73
2018,1,28,0,12.9,25.07,6.39,58.65
2018,1,29,0,14.16,26.05,6.28,72.75
2018,1,30,0,17.1,28.49,8.2,78.6
2018,1,31,0,17.24,26.65,9.85,69.59
2018,2,1,0,18.55,28.74,11.1,78.53
2018,2,2,0,18.06,27.9,9.98,77.05
2018,2,3,0,17.06,26.63,9.8,75.2
2018,2,4,0,14.68,26.06,6.3,85.13
2018,2,5,0,15.84,25.95,7.61,56.82
2018,2,6,0,16.72,26.26,10.23,57.23
2018,2,7,0,14.69,27.1,5.4,83.66
2018,2,8,0,14.92,25.46,7.45,76.57
2018,2,9,0,14.82,26.03,6.49,82.27
2018,2,10,0,15.71,27.23,8.61,76.94
2018,2,11,0.46,18.57,27.76,11.37,56.09
2018,2,12,1.37,17.84,25.17,11.96,64.06
2018,2,13,0.03,17.23,25.43,10.01,61.48
2018,2,14,0,16.2,25.24,7.87,87.05
2018,2,15,0,17.8,26.38,9.66,86.78
2018,2,16,0,18.76,27.46,10.63,80.6
2018,2,17,0,19.75,30.18,12.22,81.54
2018,2,18,0,19.03,29.54,11.2,85.57
2018,2,19,0,19.34,29.94,14.72,87.72
2018,2,20,0,20.98,31.27,13.6,90.66
2018,2,21,0,22.7,32.4,16.6,86.43
2018,2,22,0,23.19,32.83,16.16,82.29
2018,2,23,0,24.54,33.12,17.65,82.05
2018,2,24,0,24.06,32.33,17.4,84.56
2018,2,25,0,23.64,31.48,16.17,87.51
2018,2,26,0,20.85,28.48,12.64,105.51
2018,2,27,0,24.08,32.62,15.62,95.98
2018,2,28,0,23.54,32.54,16.19,80.35
2018,3,1,0,24.21,33.3,17.19,73.89
2018,3,2,0,25.07,34.24,16.33,97.84
2018,3,3,0,25.58,34.41,17.7,86.04
2018,3,4,0.46,24.56,32.08,16.34,72.65
2018,3,5,0,22.37,30.65,13.84,103.88
2018,3,6,0,21.75,30.27,13.28,104.15
2018,3,7,0,22.25,32.8,12.12,105.09
2018,3,8,0,23.93,33.55,17.81,108.12
2018,3,9,0,24.9,34.3,17.63,102.21
2018,3,10,0,24.9,34.89,15,104.81
2018,3,11,0,25.06,34.38,14.9,104.2
2018,3,12,0,25.87,35.74,15.96,107.23
2018,3,13,0,26.59,37.48,18.48,108.18
2018,3,14,0,26.45,36.71,17.88,100.85
2018,3,15,0.02,26.15,34.68,16.99,93.29
2018,3,16,0,25.87,33.7,17.51,98.73
2018,3,17,0,23.71,32.22,14.68,114.04
2018,3,18,0,24.73,35.19,14.9,114.84
2018,3,19,0,26.41,36.12,16.76,85.52
2018,3,20,0.01,28.92,37.11,18.05,83.45
2018,3,21,0,28.59,34.46,21.11,101.27
2018,3,22,0,26.52,32.52,16.89,106.01
2018,3,23,0,25.12,31.91,15.73,114.57
2018,3,24,0,25.76,34.19,15.54,116.22
2018,3,25,0,26.57,35.56,17.49,117.55
2018,3,26,0,26.52,36.18,16.69,114.26
2018,3,27,0,27.85,39.05,17.15,114.09
2018,3,28,0,29.08,40.18,22.41,118.69
2018,3,29,0,28.58,38.05,17.92,120.2
2018,3,30,0,28.08,39.21,17.66,126.92
2018,3,31,0,28.05,39.12,18.22,117.94
2018,4,1,0,28.28,36.83,17.37,114
2018,4,2,0,30.26,37.9,19.16,112.77
2018,4,3,0,31.83,39.58,21.91,98.73
2018,4,4,0,33.34,40.98,23.58,113.39
2018,4,5,0,33.02,39.91,23.66,106.06
2018,4,6,4.48,32.93,39.24,24.43,71.98
2018,4,7,0.8,30.89,37.05,21.97,107.5
2018,4,8,0.04,31.2,37.55,20.98,114.55
2018,4,9,5.96,30.14,36.2,21.58,80.27
2018,4,10,1.43,29.55,36.61,20.56,102.81
2018,4,11,4.97,30.02,37.23,22.89,90.52
2018,4,12,0.49,29.46,34.76,21.2,120.9
2018,4,13,0,27.84,36.3,19.21,130.85
2018,4,14,0,29.65,38.03,20.1,124.3
2018,4,15,0,32.05,39.76,21.93,118.28
2018,4,16,0,33.27,41.29,24.73,105.53
2018,4,17,0.09,33.48,40.71,24.58,121.47
2018,4,18,0,33.23,39.83,24.87,130.48
2018,4,19,0,33.33,40.41,24.02,123.75
2018,4,20,0,33.14,41.35,24.46,122.98
2018,4,21,0.01,29.08,36.16,17.79,121.2
2018,4,22,0,29.13,36.68,18.4,135.95
2018,4,23,0,30.07,38.45,19.4,131.57
2018,4,24,0,31.99,41.74,20.18,138.36
2018,4,25,0,33.59,43.3,22.28,134.5
2018,4,26,0,34.48,43.08,24.21,129.41
2018,4,27,0,34.92,41.76,25.47,118.32
2018,4,28,0,36.44,43.64,26.08,121.26
2018,4,29,0,36.83,43.89,25.8,108.88
2018,4,30,1.13,36.94,43.46,26.54,128.89
2018,5,1,0,36.4,43.1,25.83,126.98
2018,5,2,6.97,34.1,39.66,25.44,105.69
2018,5,3,1.31,33.87,39.32,25.4,118.84
2018,5,4,0.38,34,39.07,24.61,124.1
2018,5,5,0,35.35,40.62,25.82,126.01
2018,5,6,0,35.89,41.41,26.78,113.89
2018,5,7,0,35.46,41.47,25.77,125.41
2018,5,8,1.64,32.81,38.37,25.86,122.16
2018,5,9,0.68,33.36,39.28,23.65,109.73
2018,5,10,0.1,34.37,40.89,24.06,130.31
2018,5,11,0,36.22,43.76,26.3,128.68
2018,5,12,0,38.69,44.82,28.21,114.75
2018,5,13,0.78,38.57,43.81,28.85,117.86
2018,5,14,1.14,36.19,41.03,25.16,106.58
2018,5,15,0,36.63,41.69,26.62,108.95
2018,5,16,4.01,35.42,40.83,28.71,120.52
2018,5,17,0.22,36.61,42.9,25.78,108.47
2018,5,18,0.1,37.31,42.1,28.2,120.48
2018,5,19,0.02,38.51,42.71,27.9,109.69
2018,5,20,0,37.72,43.26,28.23,116.77
2018,5,21,0,38.06,43.83,28.01,134.09
2018,5,22,0,39.62,45.57,27.54,132.86
2018,5,23,0,40.34,45.66,28.53,129.15
2018,5,24,0,39.15,45.01,29.8,118.8
2018,5,25,0,39.22,45.52,27.94,132.41
2018,5,26,0,39.03,46.05,26.69,139.64
2018,5,27,0,38.7,46.06,29.51,127.62
2018,5,28,0,38.77,45.15,27.44,119.61
2018,5,29,0,40.25,46.48,28.7,122.8
2018,5,30,0,39.38,43.69,28.81,99.4
2018,5,31,0,40.87,44.53,30.7,116.55
2018,6,1,0,41.5,45.7,31.31,127.79
2018,6,2,6.46,37.29,41.69,27.86,122.42
2018,6,3,0,38.07,42.72,27.51,129.74
2018,6,4,0,39.27,43.3,29,127.25
2018,6,5,2.14,40.54,43.53,31.62,119.8
2018,6,6,8.2,37.76,41.09,31,77.89
2018,6,7,0.03,39.23,42.79,29.8,117.68
2018,6,8,0.01,40.26,43.9,30.73,100.47
2018,6,9,8.02,38.24,40.68,31.91,84.19
2018,6,10,4.72,36.16,38.87,29.94,109.66
2018,6,11,0,37.73,41.53,29.69,123.01
2018,6,12,0,38.8,44.56,29.49,115.26
2018,6,13,0,38.69,43.73,31.59,113.57
2018,6,14,0.02,38.58,42.44,31.81,111.8
2018,6,15,0,38.75,41.51,31.55,118.9
2018,6,16,0.02,38.75,41.98,33.03,117.18
2018,6,17,0.08,38.07,39.94,31.16,111.07
2018,6,18,0.01,37.76,41.12,28.98,98.39
2018,6,19,0,38.3,41.87,28.29,130.88
2018,6,20,0,40.14,42.97,31.04,126
2018,6,21,0.01,40.81,43.7,31.9,123.12
2018,6,22,0,42.01,45.28,32.99,133.14
2018,6,23,0.11,41.58,45.8,33.41,109.42
2018,6,24,0.09,41,44.83,33.01,120.27
2018,6,25,0.01,41.4,45.76,31.23,120.45
2018,6,26,2,34.18,34.3,29.87,50.63
2018,6,27,12.25,35.15,37.24,29.08,57.37
2018,6,28,12.66,31.62,34.66,27.8,85.36
2018,6,29,2.92,34,38.15,26.94,98.84
2018,6,30,1.38,34.61,36.28,28.37,102.17
2018,7,1,0.39,35.73,39.15,28.49,111.46
2018,7,2,14.43,34.9,38.52,29,111.09
2018,7,3,2.93,35.05,37.39,28.48,105.23
2018,7,4,1.4,34.65,37.26,29.15,108.51
2018,7,5,8.28,34.9,37.87,28.94,110.19
2018,7,6,0,35.36,39.9,27.31,123.64
2018,7,7,0,36.07,40.67,27.87,120.41
2018,7,8,0,36.76,42,28.82,124.98
2018,7,9,0,38.33,42.07,30.06,112.27
2018,7,10,0.11,37.98,41.05,29.76,109.07
2018,7,11,6.61,35.49,38.62,29.7,89.07
2018,7,12,5.27,35.49,38.82,28.97,84.16
2018,7,13,20.41,30.85,32.28,28.08,72.95
2018,7,14,15.74,30.57,32.56,26.96,90.9
2018,7,15,1.89,31.22,33.16,27,119.59
2018,7,16,18.56,31.08,33.98,27.61,66.17
2018,7,17,2.76,34.04,37.55,27.27,80.53
2018,7,18,0.35,35.18,39.17,27.69,94.25
2018,7,19,4.4,33.83,36.47,28.16,90.85
2018,7,20,13.17,31.2,33.36,27.9,67.6
2018,7,21,14.41,31.3,33.89,27.57,73.27
2018,7,22,29.7,28.69,30.56,27.02,54.84
2018,7,23,7.68,30.76,34.21,25.95,70.8
2018,7,24,17.45,31.71,34.93,27.13,103.92
2018,7,25,12.14,30.87,33.94,27.41,59.05
2018,7,26,41.01,27.82,30.15,26.08,48
2018,7,27,54.69,27.87,30.94,25.18,62.61
2018,7,28,11.01,29,32.82,25.3,91.06
2018,7,29,7.02,29.34,34,25.07,100.65
2018,7,30,5,29.3,33.26,24.89,89.62
2018,7,31,2.21,29.74,34.98,25.88,114.4
2018,8,1,0.92,29.23,34.93,24.2,119.12
2018,8,2,0.38,29.3,34.78,24.34,112.84
2018,8,3,0.14,29.1,34.83,24.34,108.32
2018,8,4,0.29,28.39,33.01,24.86,92.69
2018,8,5,2.41,27.82,32.85,25.12,74.92
2018,8,6,0.68,27.62,30.97,24.4,53.32
2018,8,7,7.48,28.05,31.33,24.28,60.13
2018,8,8,9.28,27.89,30.63,25.17,80.4
2018,8,9,1.3,29.72,33.42,25.19,122.63
2018,8,10,1.47,31.14,35.02,26.12,118.32
2018,8,11,11.68,29.92,34.19,26.45,108.06
2018,8,12,0.93,29.93,34.89,25.24,95.26
2018,8,13,3.92,29.15,32.45,24.9,91.55
2018,8,14,2.61,30.3,33.8,26.05,104.99
2018,8,15,4.03,30.62,34.53,26.77,98.3
2018,8,16,1.72,29.58,32.93,26.37,107.97
2018,8,17,0.94,29.5,33.26,25.71,123.12
2018,8,18,1.16,30.42,33.57,26.04,110.06
2018,8,19,8.8,29.83,32.76,26.76,66.21
2018,8,20,3.03,29.44,33,25.69,92.03
2018,8,21,2.52,29.3,32.48,25.94,113
2018,8,22,3.01,28.56,31.53,25.99,76.3
2018,8,23,6.4,29.22,33.72,25.67,70.73
2018,8,24,6.31,29.19,34.19,25.08,101.34
2018,8,25,2.46,29.87,34.8,25.01,87.24
2018,8,26,0.86,29.72,34.01,24.55,106.62
2018,8,27,8.25,29.09,32.24,26.15,76.24
2018,8,28,25.48,27.73,29.65,26.34,68.05
2018,8,29,15.17,29.19,32.58,25.69,71.66
2018,8,30,1.59,29.58,34.38,25.33,104.78
2018,8,31,0.99,28.95,34.69,25.11,96.99
2018,9,1,16.87,27.01,29.23,26.11,64.97
2018,9,2,7.86,27.07,29.73,24.93,48.01
2018,9,3,28.1,26.96,29.72,23.86,69.27
2018,9,4,8.98,27.56,31.18,24.3,67.23
2018,9,5,6.94,27.69,32.21,24.59,69.22
2018,9,6,8.75,28.08,32.98,23.66,93.95
2018,9,7,14.44,27.76,31.98,24.84,95.21
2018,9,8,10.69,26.63,29.77,24.58,69.65
2018,9,9,0.77,27.18,30.95,24.18,79.84
2018,9,10,0,27.97,31.6,23.91,84.01
2018,9,11,1.36,27.87,32.04,23.87,99.02
2018,9,12,2.87,27.67,33.82,23.97,100.21
2018,9,13,0.22,27.28,33.19,22.56,117.35
2018,9,14,0,27.17,32.96,21.5,111.38
2018,9,15,0,26.9,32.71,21.37,112.96
2018,9,16,0,26.6,32.86,20.97,114.1
2018,9,17,0,27.28,33.37,22.02,104.29
2018,9,18,0.01,26.81,33.47,21.37,112.9
2018,9,19,0,26.51,33.75,22.56,113.43
2018,9,20,0,26.76,33.76,23.08,113.51
2018,9,21,3.03,27.33,32.31,22.31,99.42
2018,9,22,21.79,24.9,27.29,22.87,34.39
2018,9,23,8.25,25.69,28.76,24.18,51.38
2018,9,24,40.23,25.73,28.49,23.98,44.3
2018,9,25,1.31,25.48,29.37,22.33,90.45
2018,9,26,0,25.15,31.63,20.08,113.66
2018,9,27,0,24.96,32.06,19.25,109.44
2018,9,28,0,25.55,33.74,20.74,110.2
2018,9,29,0,25.76,33.83,21.54,111.19
2018,9,30,0,25.22,32.82,19.67,107.97
2018,10,1,0,25.53,33.89,20.32,108.23
2018,10,2,0,25.76,33.81,21.05,106.76
2018,10,3,0.09,26.14,34.44,21.96,99.89
2018,10,4,0.03,25.68,33,20.09,89.98
2018,10,5,0.54,25.15,32.99,21.37,102.19
2018,10,6,0.35,25.12,33.24,21.11,99.88
2018,10,7,0.34,24.98,32.74,21.12,98.09
2018,10,8,0,24.6,33.6,18.75,98.95
2018,10,9,0,24.74,32.94,18.39,97.82
2018,10,10,0,25.23,31.44,20.23,91.98
2018,10,11,0.45,25.3,31.56,20.21,82.86
2018,10,12,0.09,24.27,31.29,19.05,82.77
2018,10,13,0,22.01,30.15,17.4,89.29
2018,10,14,0,21.9,30.85,17.26,94.26
2018,10,15,0,23.04,32.94,16.56,93.2
2018,10,16,0,23.76,31.91,16.97,79.27
2018,10,17,0,24.64,33.62,20.02,94.24
2018,10,18,0,24.23,33.62,20.14,89.12
2018,10,19,0,22.65,32.61,15.94,86.98
2018,10,20,0,23.05,31.99,17.98,83.98
2018,10,21,0.1,22.56,31.05,17.95,78.11
2018,10,22,0,21.17,31.26,15.04,85.55
2018,10,23,0,21.51,31.63,17.94,88.39
2018,10,24,0,22.02,31.96,15.43,82.92
2018,10,25,0,21.9,31.01,16.15,82.66
2018,10,26,0,22.08,31.61,16.51,70.23
2018,10,27,0,21.73,30.76,17.81,72.31
2018,10,28,0,21.12,30.34,17.19,77.95
2018,10,29,0,21.65,31.06,18.19,81.4
2018,10,30,0,21.71,30.95,17.37,71.99
2018,10,31,0,21.37,30.33,16.59,65.29
2018,11,1,0,21.16,30.52,17.49,60.91
2018,11,2,0,22.57,32.33,17.01,64.52
2018,11,3,0.01,23.27,31.03,18.6,66.7
2018,11,4,0,21.41,28.94,15.61,69.31
2018,11,5,0,17.27,25.94,10.73,58.86
2018,11,6,0,17.15,27.01,10.89,70.05
2018,11,7,0,16.44,27.57,8.82,77.34
2018,11,8,0,17.19,27.67,14.43,63.46
2018,11,9,0,17.7,27.8,14.88,60.2
2018,11,10,0,16.9,26.51,14.8,53.83
2018,11,11,0,18.76,30.12,14.69,59.65
2018,11,12,0,19.4,30.67,16.49,69.4
2018,11,13,0.09,19.64,29.57,16.69,61.81
2018,11,14,3.47,20.62,28.22,15.47,58.27
2018,11,15,0.13,19.45,26.86,14.83,61.3
2018,11,16,0,17.96,26.9,11.65,68.59
2018,11,17,0,17.51,27.43,11.44,63.53
2018,11,18,0,18.49,28.21,14.79,65.23
2018,11,19,0,19.76,28.49,13.8,49.39
2018,11,20,0,19.01,28.69,14.93,64.17
2018,11,21,0,17.83,27.8,12.31,58.73
2018,11,22,0,17.33,27,12.48,56.99
2018,11,23,0,17.5,27.8,11.59,60.37
2018,11,24,0,16.98,27.3,10.53,73.49
2018,11,25,0,17.22,28.15,10.33,67.41
2018,11,26,0,17.3,28.09,12.65,65
2018,11,27,0,18.12,26.54,14,55.84
2018,11,28,0,18.65,26.82,15.67,46.76
2018,11,29,0,17.3,26.51,12.36,47.19
2018,11,30,0,17.07,27.19,11.71,52.57
2018,12,1,0,16.15,26.69,10.21,66.21
2018,12,2,0,15.94,26.35,14.05,60.31
2018,12,3,0,15.54,25.75,12.99,58.59
2018,12,4,0,16.12,25.59,12.67,54.12
2018,12,5,0,15.3,25.26,11.89,53.16
2018,12,6,0,15.01,24.58,11.37,55.41
2018,12,7,0,14.46,24.56,9.15,55.77
2018,12,8,0,14.15,23.83,11.08,56.06
2018,12,9,0,14.45,24.62,10.73,53.25
2018,12,10,0,14.82,24.37,9.23,47.23
2018,12,11,0.01,15.59,24.25,12.02,40.91
2018,12,12,0.9,15.19,20.59,11.18,35.18
2018,12,13,0.17,13.88,20.01,9.89,42.09
2018,12,14,0,12.99,21.24,6.44,57.5
2018,12,15,0,12.71,22.37,5.77,65
2018,12,16,0,11.93,22.43,4.98,59.65
2018,12,17,0,11.77,23.03,4.42,58.64
2018,12,18,0,11.51,23.01,4.77,65.91
2018,12,19,0,10.97,22.92,4.55,60.3
2018,12,20,0,10.81,23.08,7.99,62.19
2018,12,21,0,9.69,21.48,4.55,57.24
2018,12,22,0,9.83,22.23,6.21,50.3
2018,12,23,0,10.18,21.38,5.08,46.38
2018,12,24,0,10.37,20.72,6.31,51.96
2018,12,25,0,9.55,20.41,3.45,49.02
2018,12,26,0,9.3,20.47,3.14,53.55
2018,12,27,0,9.37,20.54,5.52,59.47
2018,12,28,0,8.09,18.96,2.37,60.36
2018,12,29,0,8.73,21.05,2.01,62.5
2018,12,30,0,10.05,22.15,7.3,55.91
2018,12,31,0,10.3,22.34,5.37,59.12
2019,1,1,0,10.3,21.08,6.12,59.87
2019,1,2,0,11.45,22.36,7.51,55.52
2019,1,3,0,10.98,21.25,4.79,46.34
2019,1,4,0,10.12,18.3,5.34,39.8
2019,1,5,0.01,12.14,22.68,4.88,52.45
2019,1,6,2.08,11.73,18.51,8.27,35.6
2019,1,7,0.12,11.76,21.08,5.55,45.62
2019,1,8,0,12.32,21.61,6.29,60.05
2019,1,9,0,12.31,22.49,5.78,64.84
2019,1,10,0,11.58,21.9,4.86,64.78
2019,1,11,0,11.62,21.69,6.88,55.51
2019,1,12,0,12.49,21.83,9.33,48.33
2019,1,13,0,13.26,21.94,7.98,41.16
2019,1,14,0,11.5,20.81,4.43,70.84
2019,1,15,0,11.18,22.21,3.45,57.56
2019,1,16,0,11.37,21.21,7.86,54.26
2019,1,17,0,10.8,22.12,5.51,61.1
2019,1,18,0,11.7,22.26,4.08,62.38
2019,1,19,0,13.87,25.6,7.9,61.8
2019,1,20,0,16.22,27.13,11.38,65.84
2019,1,21,10.29,15.75,22.66,11.73,44.07
2019,1,22,23.55,13.68,19.3,8.87,47.95
2019,1,23,0.28,13.82,20.98,8.84,32.93
2019,1,24,0.16,13.94,21.3,7.31,39.16
2019,1,25,2.7,12.18,19.8,6.82,57.89
2019,1,26,0,9.67,18.94,2.9,72.82
2019,1,27,0,8.97,17.71,2.58,61.16
2019,1,28,0,9.16,19.48,1.51,76.44
2019,1,29,0,9.72,20.95,2.08,79.06
2019,1,30,0,9.89,18.56,4.12,69.68
2019,1,31,0.01,12.48,21.98,5.53,39.4
2019,2,1,0.03,12.94,22.3,6.28,47.69
2019,2,2,0,11.46,19.58,4.8,38.38
2019,2,3,0,12.07,21.82,4.7,46.02
2019,2,4,0,12.99,23.73,5.83,60.88
2019,2,5,0.05,16.44,25.84,9.87,49.15
2019,2,6,2.51,17.98,26.04,12.32,59.74
2019,2,7,9.93,15.98,22.7,10.08,28.87
2019,2,8,0.03,12.47,20.73,5.62,85.02
2019,2,9,0,11.34,20.69,3.99,91.12
2019,2,10,0,11.78,21.07,4.86,67.62
2019,2,11,0,12.67,20.93,8.34,66.37
2019,2,12,0,14.33,23.72,8.58,70.63
2019,2,13,0,15.06,23.02,11.12,55.23
2019,2,14,3.26,16.86,24.84,12.58,48.43
2019,2,15,2.53,15.78,24.28,10.25,44.2
2019,2,16,0.04,14.99,22.54,8.92,46.05
2019,2,17,0,14.55,23.59,7.19,77.39
2019,2,18,0,17.22,26.9,9.69,84.07
2019,2,19,1.06,18,25.33,10.06,73.08
2019,2,20,1.94,17.8,25.23,13.65,30.91
2019,2,21,0.04,20.24,28.52,13.05,76.95
2019,2,22,0,18.54,25.69,12.23,71.48
2019,2,23,0,14.19,22.93,7.56,99.28
2019,2,24,0,15.92,26.07,8.48,94.09
2019,2,25,0,16.29,25.69,8.31,90.91
2019,2,26,1.29,15.16,23.45,10.55,56.09
2019,2,27,0.3,14.59,21.52,7.62,74.04
2019,2,28,0,14.07,22.87,8.17,98.75
2019,3,1,0,15.42,25.12,7.55,99.58
2019,3,2,6.91,16.33,25.62,10.58,29.59
2019,3,3,0.28,16.4,24.97,9.45,69.6
2019,3,4,0.92,17.12,23.9,10.7,70.5
2019,3,5,0,17.12,25.47,9.43,99.76
2019,3,6,0,16.44,25.8,8.51,110.58
2019,3,7,0,17.41,27.54,11.44,105.66
2019,3,8,0,20.26,28.63,12.12,89.64
2019,3,9,0,19.55,27.88,11.73,101.63
2019,3,10,0,18.76,27.55,10.3,104.45
2019,3,11,0.2,20.33,29.79,12.18,86.55
2019,3,12,0,20.05,26.94,12.33,83.73
2019,3,13,0,18.14,23.95,13.62,56.03
2019,3,14,1.29,18.75,26.51,11.38,43.8
2019,3,15,0,19.43,27.97,10.26,106.88
2019,3,16,0,19.83,27.74,11.55,103.52
2019,3,17,0,21.18,29.9,12.73,107.89
2019,3,18,0,21.5,30.4,11.3,107.73
2019,3,19,0,22.86,32,12.88,114.78
2019,3,20,0.05,24.3,34.08,14.38,112.25
2019,3,21,0.15,24.31,32.05,14.44,104.29
2019,3,22,0,23.12,32.08,14.57,117.39
2019,3,23,0,23.04,33.06,13.26,115.88
2019,3,24,0,25.58,34.62,14.9,115.59
2019,3,25,0,24.76,31.48,17.7,105.7
2019,3,26,0,24.03,33.4,14.47,123.25
2019,3,27,0,24.73,34.9,15.23,107.54
2019,3,28,0,26.68,36.02,19.3,115.27
2019,3,29,0,28.89,38.43,22.19,113.65
2019,3,30,0.12,30.62,38.99,21.62,114.61
2019,3,31,0,27.82,37.26,19.86,118.98
2019,4,1,0,26.09,36.76,15.65,129.91
2019,4,2,0,27.15,37.82,18.88,127.53
2019,4,3,0,28.48,39.21,19.56,127.44
2019,4,4,0,30.69,40.63,19.94,124.86
2019,4,5,0,32.67,41.51,21.91,120.13
2019,4,6,0.01,32.91,41.82,24.46,119.55
2019,4,7,0,31.32,38.87,23.19,106.88
2019,4,8,3.2,30.15,37.14,21.58,118.71
2019,4,9,0.01,30.92,39.44,20.45,124.64
2019,4,10,0,32.55,40.68,22.81,121.69
2019,4,11,0,33.56,41.11,22.9,120.66
2019,4,12,0.05,33.6,40.22,23.89,122.62
2019,4,13,0.14,33.59,40.54,23.49,127.77
2019,4,14,0,33.56,40.73,23.51,124.03
2019,4,15,0.02,33.94,40.42,24.53,111.13
2019,4,16,0.75,29.28,34.1,22.26,61.17
2019,4,17,13.12,23.5,26.25,19.35,81.73
2019,4,18,0.07,26.76,31.05,18.1,121.29
2019,4,19,0,27.99,33.26,18.62,127.84
2019,4,20,0,29.04,35.18,18.98,129.83
2019,4,21,0,30.98,38.94,20.9,130.62
2019,4,22,0,32.67,40.05,23.87,132.05
2019,4,23,0,33.97,42.64,24.33,132.29
2019,4,24,0,35.55,42.57,24.26,128.15
2019,4,25,0,36.19,43.75,27.03,126.98
2019,4,26,0.2,35.26,42.39,25.11,127.41
2019,4,27,0,35.23,42.73,25.91,136.92
2019,4,28,0,35.05,43.01,25.82,139.18
2019,4,29,0,35.8,43.55,24.66,135.69
2019,4,30,0,35.58,43.65,24.5,133.98
2019,5,1,0,36.08,43.04,24.15,136.13
2019,5,2,0,35.76,42.76,24.65,112.1
2019,5,3,0.32,35.13,41.47,24.27,115.08
2019,5,4,1.97,33.13,40.66,23.37,130.38
2019,5,5,0,33.19,41.41,22.21,142.91
2019,5,6,0,34.07,42.94,22.84,141.09
2019,5,7,0,34.48,43.37,24.08,130.69
2019,5,8,0,35.98,43.76,25.48,129.77
2019,5,9,0,36.87,43.38,27.62,130.55
2019,5,10,0,37.42,43.01,28.15,131.81
2019,5,11,0.05,37.68,42.2,28.83,127.31
2019,5,12,0,36.14,41.19,26.25,112.98
2019,5,13,0.55,37.58,41.92,26.99,114.73
2019,5,14,5.28,34.4,37.86,27.06,132.8
2019,5,15,0.86,35.23,39.4,26.26,109.24
2019,5,16,3.42,34.13,38.62,27.05,123.25
2019,5,17,10.11,32.37,37.37,24.65,125.27
2019,5,18,0.73,30.69,34.45,22.53,133.95
2019,5,19,0,32.46,38.11,23.59,139.49
2019,5,20,0.01,34.35,40.75,24.94,122.3
2019,5,21,0.13,33.97,40.86,26.17,119.73
2019,5,22,0,36.28,41.56,27.08,102.42
2019,5,23,3.63,35.11,40.7,28.94,109.95
2019,5,24,0.04,35.57,37.8,27.83,112.27
2019,5,25,0,34.5,38.99,25.73,145.92
2019,5,26,0,35.28,41.2,24.87,146.6
2019,5,27,0,36.51,43.27,26.01,143.09
2019,5,28,0,37.12,44.44,25.23,148.26
2019,5,29,0,39.05,45.87,28.04,144.12
2019,5,30,0,40.01,46.75,28.88,140.89
2019,5,31,0,40.87,47.07,29.74,136.67
2019,6,1,0,41.9,47.58,31.34,136.37
2019,6,2,0,41.8,46.55,31.4,139.21
2019,6,3,0,41.55,46.55,30.37,131.81
2019,6,4,0,41.1,45.82,29.52,123.26
2019,6,5,0,42.45,46,31.94,123.05
2019,6,6,0.42,42.19,45.82,34.19,129.57
2019,6,7,0.08,39.72,43.98,28.67,136.18
2019,6,8,0,40.67,45.83,31.33,144.2
2019,6,9,0,41.13,47.23,30.7,141.95
2019,6,10,0,41.4,47.94,30.95,142.28
2019,6,11,0,41.77,47.28,31.87,111.18
2019,6,12,1.73,42.54,46.53,34.29,124.77
2019,6,13,0.01,40.99,43.64,30.49,117.74
2019,6,14,0,40.15,45.16,30.77,146.33
2019,6,15,0.34,39.98,44.98,30.1,124.2
2019,6,16,1.02,38.72,40.57,31.18,100.49
2019,6,17,3.07,36.82,40.02,29.48,56.82
2019,6,18,4.62,35.31,37.08,28.24,99.74
2019,6,19,0,37.22,39.9,27.26,128.91
2019,6,20,0,37.48,40.32,26.49,138.48
2019,6,21,0,39.13,42.13,29.69,111.74
2019,6,22,0,39.74,43.34,29.53,130.09
2019,6,23,0.01,40.3,43.17,29.45,130.11
2019,6,24,0.74,39.45,41.1,28.63,93.53
2019,6,25,0.45,39.72,41.04,31.12,111.96
2019,6,26,0.01,40.65,44.16,32.19,124.59
2019,6,27,0.04,39.94,43.71,31.59,100.9
2019,6,28,0.06,40.55,44.8,30.94,109.77
2019,6,29,0,41.01,45.37,31.86,128.79
2019,6,30,0.1,41.55,45.89,32.53,117.12
2019,7,1,0.13,42.23,45.11,32.67,119.27
2019,7,2,0.24,41.12,44.79,32.54,107.81
2019,7,3,0.33,40.9,43.2,31.87,126.58
2019,7,4,3.36,40.61,42.51,32.42,78.94
2019,7,5,17.86,35.93,38.24,30.61,76.74
2019,7,6,1.77,37.12,41.4,29.06,88.27
2019,7,7,6.66,35.97,38.39,30.19,108.8
2019,7,8,1.61,37.67,40.65,31.37,96.09
2019,7,9,10.16,34.46,38.1,29.8,61.17
2019,7,10,0.48,36.26,40.91,29.51,99.43
2019,7,11,0.89,36.66,41.14,29.86,99
2019,7,12,0.02,36.51,40.82,30.48,95.45
2019,7,13,0.15,36.69,41.3,30.93,108.7
2019,7,14,0.49,37.07,41.05,29.71,111.73
2019,7,15,18.28,34.11,37.45,29.38,69.7
2019,7,16,17.55,32.54,35.71,27.97,81.7
2019,7,17,24.29,31.97,34.65,27.83,89.36
2019,7,18,10.49,31.77,34.58,27.13,80.88
2019,7,19,0.86,34.68,37.6,27.33,118.57
2019,7,20,3.73,34.85,37.73,28.3,92.79
2019,7,21,13.44,33.23,36.29,28.2,111.06
2019,7,22,2.95,34.64,38.26,27.93,116.21
2019,7,23,4.74,34.95,38.23,29.68,120.9
2019,7,24,9.88,35.35,41.33,29.15,101.61
2019,7,25,7.56,30.35,33.48,27.24,56.52
2019,7,26,9.58,30.62,33.48,26.3,55.3
2019,7,27,11.65,30.08,33.65,26.18,68.47
2019,7,28,3.99,30.73,34.59,26.2,87.42
2019,7,29,0.61,32.27,36.33,26.93,104.25
2019,7,30,0,32.98,36.87,26.97,108.34
2019,7,31,0.01,32.26,35.3,26.83,100.65
2019,8,1,0.05,33.23,36.46,27.13,108.47
2019,8,2,9.43,31.94,34.98,27.94,63.98
2019,8,3,3.92,29.87,32.1,27.41,82.94
2019,8,4,9.09,29.48,31.37,26.65,97.82
2019,8,5,7.19,32.49,35.95,27.15,81.45
2019,8,6,21.64,32.34,35.05,28.42,55.12
2019,8,7,7.05,29.74,32.38,27.17,80.61
2019,8,8,0.07,31.27,35.53,26.63,118.65
2019,8,9,0.41,30.67,34.31,27.02,97.9
2019,8,10,0.75,30.15,33.53,25.93,96.96
2019,8,11,0.11,32.34,35.98,26.42,116.77
2019,8,12,0.25,32.65,35.73,26.69,97.11
2019,8,13,6.21,32.85,36.58,28.18,97.73
2019,8,14,15.92,31.09,34.19,28.14,82.33
2019,8,15,14.6,29.29,33.04,26.92,90.3
2019,8,16,5.5,28.99,32.43,26.14,81.98
2019,8,17,11.47,27.94,31.15,25.8,32.06
2019,8,18,15.92,28.13,31.9,25.4,93.9
2019,8,19,0.2,29.45,34.33,23.98,117.41
2019,8,20,0.12,29.41,34.52,24.51,123.24
2019,8,21,0.4,30.4,36.37,24.87,121.59
2019,8,22,0.47,30.34,35.77,25.24,114.54
2019,8,23,0.67,31.09,36.1,25.86,118.09
2019,8,24,0.47,32.07,37.72,26.9,82.77
2019,8,25,12.75,28.75,31.22,25.98,69.76
2019,8,26,0.18,29.06,32.99,25.63,113.12
2019,8,27,0.01,31.4,35.51,25.48,113.62
2019,8,28,0.09,31.84,36.12,26.48,119.53
2019,8,29,0.04,32.08,36.12,27.03,109.41
2019,8,30,0.06,31.05,34.11,27.25,110.16
2019,8,31,14.02,32.12,36.03,27.63,110.88
2019,9,1,8.5,30.91,34.69,27.05,81.01
2019,9,2,0.39,30.87,33.91,26.9,100.66
2019,9,3,0.36,32.8,36.48,27.49,83.91
2019,9,4,0.16,31.75,35.48,27.71,79.77
2019,9,5,0.54,32.05,36.11,27.05,97.81
2019,9,6,0.7,30.77,33.56,27.26,94.53
2019,9,7,11.62,29.93,32.26,27.38,88.14
2019,9,8,8.09,30.17,33.33,26.61,106.95
2019,9,9,0.1,31.02,36.12,25.46,106.98
2019,9,10,0,31.25,37.04,25.83,98.86
2019,9,11,0,31.39,37.89,24.81,104.55
2019,9,12,0.01,31.94,38.69,26.04,91.85
2019,9,13,0,32,36.8,25.96,97.97
2019,9,14,0.18,31.98,36.73,26.37,85.04
2019,9,15,0.77,32.04,36.28,25.67,84.95
2019,9,16,0.57,31.8,37.24,26.02,99.1
2019,9,17,1.54,31.98,36.94,25.51,92.17
2019,9,18,0.02,31.99,37.33,25.95,100.99
2019,9,19,0.02,30.09,33.75,24.51,95.17
2019,9,20,0.01,30.44,34.41,23.94,94.06
2019,9,21,9.1,30.67,34.39,24.98,94.62
2019,9,22,12.07,29.03,33.04,24.53,88.73
2019,9,23,1.25,29.07,33.4,22.51,98.09
2019,9,24,0.58,29.04,32.94,23,88.17
2019,9,25,1.25,28.87,32.56,23.95,78.46
2019,9,26,1.04,27.38,30.73,24.22,77.26
2019,9,27,0.22,28.23,32.23,23.33,83.12
2019,9,28,1.42,27.9,31.96,23.96,87.78
2019,9,29,2.27,27.83,31.63,23.62,71.8
2019,9,30,1.14,28.2,32.36,22.83,83.78
2019,10,1,0.59,29.04,32.99,22.12,78.48
2019,10,2,0.22,29.2,33.38,22.31,88.36
2019,10,3,8.61,27.02,30.98,23.45,83.8
2019,10,4,13.15,26.48,31.73,21.12,85.49
2019,10,5,0,26.36,31.79,20.19,101.96
2019,10,6,0,26.15,31.87,20.22,93.94
2019,10,7,0.01,26.69,33.06,20.93,71.07
2019,10,8,0,26.03,33.31,18.54,103.84
2019,10,9,0,26.34,33.23,19.4,100.2
2019,10,10,0,26.26,33.58,18.65,97.56
2019,10,11,0,25.87,32.86,19.08,92.61
2019,10,12,0,26.3,33.37,20.96,85.59
2019,10,13,0,26.65,33.73,21.13,83.62
2019,10,14,0,26.88,34.11,20.79,82.69
2019,10,15,0,26.59,34.35,20.61,77.01
2019,10,16,0.16,26.21,33.94,19.48,74.7
2019,10,17,0,26.73,34.55,20.63,75.48
2019,10,18,2.5,27.07,34.05,20.71,65.98
2019,10,19,0.86,26.48,32.51,21.58,67.03
2019,10,20,0,24.64,32.8,17.34,74.72
2019,10,21,0,23.69,32.44,16.86,83.92
2019,10,22,0,23.12,32.63,15.98,83.99
2019,10,23,0,23.31,33.17,17.38,86.09
2019,10,24,0,23.4,32.49,17.23,78.32
2019,10,25,0,23.46,31.08,16.56,74.87
2019,10,26,0,23.74,30.39,17.39,74.02
2019,10,27,0,23.23,31.73,17.35,68.56
2019,10,28,0,23.56,31.82,17.74,52.14
2019,10,29,0,23.5,30.33,20.99,41.05
2019,10,30,0,23.25,30.84,21.15,47.7
2019,10,31,0,23.53,32.9,20.34,63.16
2019,11,1,0,24.08,33.08,19.08,60.95
2019,11,2,0.16,24.44,32.1,18.63,41.96
2019,11,3,0.41,23.46,30.94,17.83,33.99
2019,11,4,0.46,23.33,30.57,17.74,50.54
2019,11,5,0,22.4,31.01,15.87,72.5
2019,11,6,0,23.3,31.23,17.84,78.12
2019,11,7,1.07,21.66,24.75,17.43,34.16
2019,11,8,0.19,22.84,28.66,17.83,57.8
2019,11,9,0,22.44,29.78,16.14,70.74
2019,11,10,0,21.3,29.08,14.36,59.86
2019,11,11,0,20.14,27.7,15.73,55.88
2019,11,12,0,20.37,29.04,13.53,54.68
2019,11,13,0,20.71,28.02,16.35,44.07
2019,11,14,0,20.95,28.68,17.42,34.2
2019,11,15,0,20.4,28.25,14.4,50.84
2019,11,16,0,21.01,29.41,13.58,60.09
2019,11,17,0,20.96,29.51,14.51,72.07
2019,11,18,0,19.53,27.12,13.25,70.8
2019,11,19,0,19.19,27.09,12.76,72.51
2019,11,20,0,19.33,27.87,15.26,67.36
2019,11,21,0,19.64,27.65,12.83,53.38
2019,11,22,0,20.28,27.95,14.24,50.16
2019,11,23,0,21.08,27.87,16.29,49.3
2019,11,24,0,21.58,27.5,15.19,49.05
2019,11,25,0,22.08,27.76,15.43,53.81
2019,11,26,0.16,22.04,28.5,15.93,50.97
2019,11,27,2.16,20.39,27.04,13.85,28.23
2019,11,28,8.08,20.43,25.15,16.83,35.26
2019,11,29,1.51,19.34,24.51,14.91,43.51
2019,11,30,0,16.58,23.19,10.87,38.14
2019,12,1,0,15.2,23.61,9.24,49.35
2019,12,2,0,14.3,23.78,7.8,59.47
2019,12,3,0,14.1,24.65,7.51,69.04
2019,12,4,0,14.13,24.55,8.95,59.23
2019,12,5,0,13.14,22.6,10.8,46.6
2019,12,6,0,14.08,23.34,9.33,42.52
2019,12,7,0,14.89,24.31,9.39,44.02
2019,12,8,0,15.31,24.3,11.72,43.1
2019,12,9,0,14.84,23.23,10.16,40.4
2019,12,10,0,14.48,23.62,10.57,42.12
2019,12,11,0,14.67,22.9,10.08,29.4
2019,12,12,18.42,15.25,20.87,12.96,18.51
2019,12,13,7.77,14.69,20.54,9.48,14.98
2019,12,14,0.17,12.63,19.3,7.18,35.1
2019,12,15,0,12.58,19.59,6.91,38.84
2019,12,16,0,10.85,17.13,5.14,17.71
2019,12,17,0,10.37,17.4,4.37,24.23
2019,12,18,0,9.45,17.67,3.65,32.77
2019,12,19,0,10.49,17.51,6.25,32.22
2019,12,20,0,13.63,19.92,8.36,26.88
2019,12,21,0,14.4,21.62,9.05,37.29
2019,12,22,0,11.65,20.26,5.58,30.8
2019,12,23,0,10.55,20.05,4.6,34.76
2019,12,24,0,9.73,18.76,5.26,27.74
2019,12,25,0,9.12,19.25,2.26,27.95
2019,12,26,0,8.65,18.24,2.58,38.52
2019,12,27,0,7.12,16.26,1.55,39.98
2019,12,28,0,6.37,15.79,1.32,21.2
2019,12,29,0,6.65,17.09,0.37,21.73
2019,12,30,0,7.47,18.36,2.16,16.88
2019,12,31,0,6.08,13.96,0.3,26.87
2020,1,1,0,8.65,19.61,3.88,45.77
2020,1,2,0,10.75,19.36,5.3,52.17
2020,1,3,0,13.4,21.72,8.75,51.34
2020,1,4,0,12.6,21.47,8.95,45.98
2020,1,5,0,12.16,21.51,7.94,46.41
2020,1,6,0.05,13.45,21.55,8.99,32.15
2020,1,7,2.38,14.48,22.08,8.35,35.72
2020,1,8,8.79,13.06,17.75,7.73,10.61
2020,1,9,0,9.23,17.08,3.5,44.05
2020,1,10,0,8.59,18.63,1.64,64.6
2020,1,11,0,9.25,19.5,2.43,66.12
2020,1,12,0,11.34,22.33,5.72,65.62
2020,1,13,0.89,13.81,24.72,6.62,34.3
2020,1,14,0.01,12.57,18.85,7.48,42.02
2020,1,15,0,12.67,21,4.56,44.88
2020,1,16,8.19,12.05,17.5,8.23,19.39
2020,1,17,1.38,12.77,19.46,7.3,45.81
2020,1,18,0,12.66,20.37,8.08,39.77
2020,1,19,0,10.65,19.27,4.34,39.27
2020,1,20,0,10.69,18.09,3.68,39.75
2020,1,21,0,12.33,20.15,5.82,48.05
2020,1,22,0,11.83,20.96,6.28,40.36
2020,1,23,0,10.94,20.28,4.16,77
2020,1,24,0,11.1,22.16,3.53,79.66
2020,1,25,0,11.77,21.58,4.7,73.91
2020,1,26,0,13.94,23.52,9.12,72.7
2020,1,27,1.72,14.6,23.01,8.52,45.78
2020,1,28,5.74,14.57,20.12,10.79,47.73
2020,1,29,0.55,13.12,20.82,7.62,71
2020,1,30,0,11.71,20.41,5.11,75.1
2020,1,31,0,11.08,20.37,4.4,73.79
2020,2,1,0,11.62,20.85,6.76,74.47
2020,2,2,0,11.04,20.6,4.02,74.36
2020,2,3,0,10.94,20.94,5.55,77.34
2020,2,4,0,11.94,21.32,3.88,67.88
2020,2,5,0,12.42,20.98,4.85,66.67
2020,2,6,0,11.84,20.3,5.11,68.91
2020,2,7,0,12.12,20.78,5.98,71.34
2020,2,8,0,11.53,21.64,4.38,75.23
2020,2,9,0,12.28,23.01,5.62,74.94
2020,2,10,0,12.71,22.55,6.18,73.73
2020,2,11,0,13.14,23.23,8.58,73.62
2020,2,12,0,15.48,26.56,7.55,76.8
2020,2,13,0,18.48,29.24,10.4,89.15
2020,2,14,0,17.3,26.73,10.76,93.12
2020,2,15,0,15.56,27.29,7.48,90.32
2020,2,16,0,16.04,28.57,7.11,90.23
2020,2,17,0,15.98,28.3,9.1,89.52
2020,2,18,0,15.78,28.03,7.36,97.02
2020,2,19,0,17.55,28.86,9.24,82.59
2020,2,20,2.46,19.47,28.73,12.37,78.08
2020,2,21,5.14,17.01,23.23,12.22,36.12
2020,2,22,0.02,16.83,24.05,9.61,54.98
2020,2,23,0.07,19.12,27.01,11.62,64.43
2020,2,24,0,18.87,27.03,12.33,71.52
2020,2,25,0,18.65,26.91,11.43,83
2020,2,26,0.04,19.37,28.5,11.56,82.04
2020,2,27,0,19.6,29.05,11.74,73.7
2020,2,28,0,20.87,29.51,12.38,68.2
2020,2,29,8.21,20.26,26.64,13.63,70.04
2020,3,1,0.22,21.37,27.94,14.46,90.46
2020,3,2,0,21.94,28.96,13.94,88.26
2020,3,3,0,21.31,29.53,13.76,84.88
2020,3,4,8.86,21.28,29.65,13.77,73.08
2020,3,5,13.95,19.72,26.19,14.07,81.16
2020,3,6,26.37,17.19,22.62,13.77,48.84
2020,3,7,0.11,16.98,23.83,10.73,82.32
2020,3,8,0,17.81,26.03,11.34,105.27
2020,3,9,0,17.37,26.41,9.53,111.84
2020,3,10,0.01,18.74,27.27,9.37,98.53
2020,3,11,1.8,20.01,27.05,13.28,85.45
2020,3,12,0.33,20.54,27.96,13.9,104.48
2020,3,13,0,19.2,28.05,10.84,106.88
2020,3,14,6.86,17.05,24.65,9.23,88.83
2020,3,15,1.34,17.98,24.54,10.36,97.13
2020,3,16,0,19.58,27.34,11.36,95.77
2020,3,17,0,20.37,29.54,12.24,112.33
2020,3,18,0,21.53,30.75,13.31,112.02
2020,3,19,0,22.95,31.67,16.59,111.72
2020,3,20,0.01,23.99,31.49,16.33,87.48
2020,3,21,0,24.87,32.65,16.67,93.15
2020,3,22,0,24.15,32.37,16.24,115.7
2020,3,23,0,23.48,30.94,15.41,98.02
2020,3,24,0.91,23.68,31.37,18.31,73.35
2020,3,25,0,25.58,33.43,17.87,108.66
2020,3,26,0.26,24.4,30.74,18.73,53.41
2020,3,27,6.68,22.89,27.69,17.51,72.18
2020,3,28,0.02,23.07,30.5,14.55,129.24
2020,3,29,0,23.23,31.22,14.66,130.23
2020,3,30,0,22.72,31.91,14.23,125.29
2020,3,31,0.66,23.44,32.5,14.17,103.19
2020,4,1,0.99,25.58,33.87,17.17,125.85
2020,4,2,0,24.53,32.12,15.38,132.65
2020,4,3,0,23.33,31.95,14.34,134.09
2020,4,4,0,24.18,33.55,14.96,131.99
2020,4,5,0,26.65,34.87,17.01,119.7
2020,4,6,0,26.9,35.27,18.08,132.29
2020,4,7,0,27.42,35.7,17.62,121.18
2020,4,8,0,26.41,33.81,17.36,130.3
2020,4,9,0,26.24,33.96,16.15,127.02
2020,4,10,0,28.6,35.9,20.25,128.66
2020,4,11,0,29.69,37.65,20.3,121.23
2020,4,12,0,30.04,37.97,20.59,131.71
2020,4,13,0,31.69,39.62,21.31,126.55
2020,4,14,0,33.27,40.48,25.87,100.27
2020,4,15,0,32.51,40.48,23.5,123.28
2020,4,16,0,32.1,39.87,21.98,123.06
2020,4,17,0,31.12,38.37,23.41,112.67
2020,4,18,0.85,30.87,38.16,23.03,110.79
2020,4,19,2.71,30.2,36.36,21.58,123.56
2020,4,20,0.02,25.53,31.05,21.64,81.08
2020,4,21,0.01,29.64,34.59,20.31,117.51
2020,4,22,0,30.26,36.86,19.87,130.73
2020,4,23,0.26,28.17,33.62,23.01,77.29
2020,4,24,0.26,32.71,37.74,23.97,129.39
2020,4,25,1.04,32.68,37.76,25.61,109.55
2020,4,26,7.86,30.9,37.06,24.11,104.92
2020,4,27,0.4,30.14,36.24,20.2,133.51
2020,4,28,0.02,31.58,35.87,21.65,113.3
2020,4,29,0.03,33.09,37.81,23.44,119.73
2020,4,30,0,34.26,39.58,25.39,124.27
2020,5,1,0,34.77,41.48,25.47,133.46
2020,5,2,0,34.89,41.51,25.04,133.88
2020,5,3,12.87,31.88,38.33,24.23,88.69
2020,5,4,1.84,32.8,37.3,23.19,122.52
2020,5,5,0,32.94,37.61,24.62,132.84
2020,5,6,0.97,32.76,37.92,24.06,91.88
2020,5,7,0.2,32.61,38.29,22.9,144.07
2020,5,8,0,34.12,40.51,23.66,140.98
2020,5,9,0,35.3,41.81,24.63,137.09
2020,5,10,2.62,32.74,40.95,25.21,73.33
2020,5,11,0.41,31.11,36.97,22.8,103.84
2020,5,12,0.08,34.52,38.72,24.24,130.19
2020,5,13,1.03,35.26,38.73,27.56,78.66
2020,5,14,0.13,37.12,40.6,26.17,119.56
2020,5,15,1.13,35.26,40.07,25.79,131.49
2020,5,16,0,34.94,40.73,24.51,140.7
2020,5,17,0,36.07,42.14,25.1,113.25
2020,5,18,0,35.58,42.28,24.66,132.16
2020,5,19,0,35.38,42.07,25.58,135.95
2020,5,20,0,34.92,41.2,23.98,148.09
2020,5,21,0,35.75,43.54,23.44,141.6
2020,5,22,0,38.7,45.35,27.67,148.45
2020,5,23,0,40.14,46.51,30.09,135.78
2020,5,24,0,40.13,46.01,28.81,141
2020,5,25,0,40.05,45.83,29.01,144.21
2020,5,26,0,39.96,46.8,30.25,138.02
2020,5,27,0,40.27,47.08,30.87,135.39
2020,5,28,0.24,39.76,44.12,28.53,122.52
2020,5,29,4.6,37.24,41.79,28.39,96.31
2020,5,30,10.18,31.44,34.53,27.53,123.22
2020,5,31,11.08,32.15,35.26,24.11,99.62
2020,6,1,4.99,32.56,36.08,24.33,126.83
2020,6,2,2.27,33.67,36.48,27.19,129.24
2020,6,3,0.1,35.48,38.94,25.77,119.43
2020,6,4,0.98,32.43,36.88,25.38,74.91
2020,6,5,2.19,33.56,37.01,24.15,106.53
2020,6,6,1.45,34.02,35.66,25.81,118.06
2020,6,7,8.54,33.78,36.64,27.51,113.29
2020,6,8,0.33,35.3,38.87,27.59,134.69
2020,6,9,0.04,37.06,41.51,27.89,130.43
2020,6,10,0.4,38.78,42.95,29.18,111.8
2020,6,11,0.66,38.76,41.85,31.41,124.3
2020,6,12,0,40.5,42.95,30.97,115.75
2020,6,13,0.17,39.36,42.58,30.63,79.27
2020,6,14,0.07,39,42.19,30.09,116.79
2020,6,15,0,39.49,43.61,29.66,129.59
2020,6,16,0,39.85,43.92,29.87,126.27
2020,6,17,0.01,40.33,43.1,29.55,132.74
2020,6,18,0,40.92,45,29.98,134.68
2020,6,19,0.14,39.98,44.29,31.12,116.95
2020,6,20,3.97,39.49,42.87,32.27,92.16
2020,6,21,0.16,39.51,42.13,29.97,133.71
2020,6,22,13.81,36,37.67,30.51,119.18
2020,6,23,0.01,37.23,40.37,29.73,135.3
2020,6,24,2.56,36.21,37.89,29.16,109.01
2020,6,25,0.88,37.76,39.91,29.76,104.45
2020,6,26,0.88,36.55,41.4,30.3,75.29
2020,6,27,0.64,38.42,42.87,31.48,106.98
2020,6,28,0,38.73,42.53,31.32,122.14
2020,6,29,0.92,38.77,42.4,31.59,106.59
2020,6,30,1.86,38.51,40.58,31.14,122.98
2020,7,1,0.06,40.11,42.06,30.86,110.76
2020,7,2,0.59,40.59,43.03,31.96,105.93
2020,7,3,5.54,39.83,42.33,32.97,108.91
2020,7,4,8.88,38.61,42.15,31.97,103.95
2020,7,5,22.41,32.8,34.03,29.66,108.93
2020,7,6,0.13,35.92,39.28,28.22,101.59
2020,7,7,4.52,32.94,35.24,27.07,98.17
2020,7,8,4.01,33.35,36.05,26.55,76.7
2020,7,9,2.3,35.32,37.87,28.71,116.4
2020,7,10,2.64,36.83,41.92,29.79,109.32
2020,7,11,2.8,36.1,39.01,29.3,120.09
2020,7,12,3.34,34.69,36.19,29.94,89.14
2020,7,13,0.03,35.7,38.82,28.16,119.21
2020,7,14,0,37.37,41.02,28.98,121.41
2020,7,15,0.13,37.04,40.43,29.36,103.09
2020,7,16,0.88,35.94,38.63,28.98,104.02
2020,7,17,9.62,34.37,36.68,29.95,80.84
2020,7,18,14.66,34.63,37.75,28.84,96.1
2020,7,19,12.01,33.98,37.03,29.33,90.2
2020,7,20,12.42,34.51,38.53,29.37,82.99
2020,7,21,16.3,31.96,34.84,28.12,79.22
2020,7,22,42.11,28.58,31.05,26.26,70.47
2020,7,23,0.72,31.39,35.23,25.01,126.29
2020,7,24,1.25,31.83,35.57,25.83,88.66
2020,7,25,6.03,31.63,35.39,26.22,104.26
2020,7,26,4.3,32.53,36.32,26.58,123.63
2020,7,27,0.01,33.81,38.12,27.65,119.87
2020,7,28,5.05,34.69,39.06,28.9,118.42
2020,7,29,8.17,33.86,39.2,27.98,96.48
2020,7,30,10.53,31.08,33.51,26.76,70.52
2020,7,31,4.32,32.77,35.87,27.54,116.38
2020,8,1,3.78,32.64,35.78,28.08,104.06
2020,8,2,3.85,32.94,36.87,27.51,116.64
2020,8,3,1.47,33.48,38.04,27.8,92.05
2020,8,4,1.25,34.08,38.4,28.26,106.56
2020,8,5,3.9,31.89,34.4,28.48,82.79
2020,8,6,1.94,32.03,37.33,27.15,119.48
2020,8,7,0.7,32.32,36.1,26.72,106.47
2020,8,8,4.21,33.84,36.81,27.74,118.47
2020,8,9,6.71,32.49,35.09,28.79,71.82
2020,8,10,6.14,31.79,34.57,27.39,89.26
2020,8,11,13.99,30.05,32.26,27.6,81.64
2020,8,12,31.94,30.93,34.73,27.48,106.41
2020,8,13,13.77,30.37,34.56,26.86,46.05
2020,8,14,8.13,29.3,31.95,26.76,83.64
2020,8,15,0.61,30.23,33.76,26.25,101.03
2020,8,16,0.24,31.59,35.48,26.37,106.98
2020,8,17,20.47,31.42,35.06,27.23,80.79
2020,8,18,21.23,29.75,32.94,27.43,80.12
2020,8,19,23.55,29.13,31.45,27.35,29.83
2020,8,20,22.76,27.78,30.08,25.96,73.99
2020,8,21,1.54,28.12,32.08,25.31,113.62
2020,8,22,0.21,28.36,32.56,24.53,113.93
2020,8,23,0.83,28.37,32.72,24.58,95.88
2020,8,24,0.25,28.6,32.29,25.33,89.99
2020,8,25,0.03,29.38,33.76,25.05,86.1
2020,8,26,0.08,29.06,31.95,25.76,103.02
2020,8,27,4.22,29.29,32.36,25.6,106.11
2020,8,28,12.97,29.82,33.3,25.8,103.27
2020,8,29,6.72,29.15,32.9,24.94,102.03
2020,8,30,0.89,27.81,31.41,25.19,67.79
2020,8,31,0.41,28.47,32.76,24.46,94.83
2020,9,1,0,29.49,33.53,24.49,99.24
2020,9,2,0,29.45,32.9,25.19,95.13
2020,9,3,0.23,28.35,31.78,25.44,86.66
2020,9,4,0.64,29.74,33.69,25.52,74.77
2020,9,5,9.56,29.35,32.36,25.6,102.7
2020,9,6,0.68,28.92,32.15,25.29,116.55
2020,9,7,10.37,29.58,33.57,25.12,90.81
2020,9,8,3.9,29.07,33.44,24.63,110.73
2020,9,9,0.01,29.6,34.29,24.87,113.85
2020,9,10,0,29.94,34.87,25.5,115.03
2020,9,11,0,30.36,36.34,24.43,112.62
2020,9,12,0,29.9,34.92,24.11,107.22
2020,9,13,0.01,29.4,35.51,24.72,107.31
2020,9,14,0.01,29.06,34.99,25.75,94.91
2020,9,15,0,29.33,35.26,24.88,95.95
2020,9,16,0,30.65,36.81,25.59,105.01
2020,9,17,0,31.24,36.9,25.3,110.24
2020,9,18,0,31.25,37.21,24.96,108.22
2020,9,19,0.01,31.22,36.6,25.94,95.11
2020,9,20,0,30.63,36.66,24.9,103.96
2020,9,21,0,30.08,36.73,24.18,101.02
2020,9,22,0,31.68,36.59,24.83,90.26
2020,9,23,0.01,32.18,35.33,26.37,91.51
2020,9,24,0,31.47,36.42,25.73,98.96
2020,9,25,0,30.15,37.39,23.6,106.1
2020,9,26,0.02,30.19,35.88,25.6,66.33
2020,9,27,0,30.05,36.45,23.44,102.98
2020,9,28,0,29.12,36.71,22.41,106.91
2020,9,29,0,28.3,36.53,21.18,105.2
2020,9,30,0,28.04,36.4,20.37,108.03
2020,10,1,0,28.19,36.96,20.94,104.16
2020,10,2,0,27.92,36.75,20.69,108.48
2020,10,3,0,27.19,36.51,20.05,103.98
2020,10,4,0,26.68,35.66,21.06,105.31
2020,10,5,0,26.48,36.67,19.3,106.76
2020,10,6,0,26.48,36.76,19.05,106.05
2020,10,7,0,26.81,36.7,19.83,105.53
2020,10,8,0,26.51,35.94,20.4,98.91
2020,10,9,0,26.88,36.05,20.33,97.04
2020,10,10,0,27.1,35.62,21.76,95.17
2020,10,11,0,26.79,36.18,19.51,93.55
2020,10,12,0,26.56,35.61,20.36,90.25
2020,10,13,0,26.79,35.23,23.09,75.62
2020,10,14,0,27.3,34.94,21.68,67.92
2020,10,15,0,27.13,35.33,21.02,74.83
2020,10,16,0,26.35,34.78,19.65,77.8
2020,10,17,0,26.83,34.94,21.73,77.53
2020,10,18,0,25.47,34.73,18.95,73.9
2020,10,19,0,24.41,34.58,18.4,83.2
2020,10,20,0,23.7,34.46,17.36,89.48
2020,10,21,0,25.09,35.12,20.31,84.06
2020,10,22,0,26.51,34.42,21.31,72.79
2020,10,23,0,25.25,33.9,18.21,77
2020,10,24,0,23.37,33.34,20.07,76.95
2020,10,25,0,23.18,33.87,18.48,72.52
2020,10,26,0,23.29,32.82,18.77,73.22
2020,10,27,0,21.89,31.28,15.39,68.55
2020,10,28,0,21.33,31.35,15.98,69.23
2020,10,29,0,20.99,30.6,16.62,64.19
2020,10,30,0,21.12,31.26,15.38,69.27
2020,10,31,0,20.72,30.82,14.1,64.98
2020,11,1,0,19.7,29.54,12.99,70.53
2020,11,2,0,19.93,30.67,13.19,71.8
2020,11,3,0,20.28,30.73,14.38,77.48
2020,11,4,0,19.96,30.34,14.72,62.23
2020,11,5,0,19.98,31.26,13.94,52.82
2020,11,6,0,20.12,31.33,15.27,53.44
2020,11,7,0,19.66,30.4,14.58,54.75
2020,11,8,0,19.37,30.1,16.14,44.94
2020,11,9,0,18.42,28.19,13.88,52.14
2020,11,10,0,19.66,29.43,14.86,56.01
2020,11,11,0,19.89,28.8,13.08,60.42
2020,11,12,0,20.67,28.83,14.26,62.66
2020,11,13,0,20.17,28.9,14.78,61.32
2020,11,14,0,20.25,29.06,16.07,51.07
2020,11,15,3.65,22.1,29.69,15.73,50.53
2020,11,16,0.1,21.12,26.15,15.3,35.7
2020,11,17,0,19.41,26.21,12.94,57.48
2020,11,18,0,18.37,25.34,11.74,55.29
2020,11,19,0,17.18,25.04,11.48,48.21
2020,11,20,0,16.64,25.65,9.39,57.82
2020,11,21,0,16.01,25.18,8.8,68.34
2020,11,22,0,15.55,24.87,8.55,64.21
2020,11,23,0,16.37,26.57,11.04,55.92
2020,11,24,0,16.87,26.08,12.87,45.33
2020,11,25,0.01,17.55,25.12,12.42,31.66
2020,11,26,0.31,17.03,24.16,10.93,52.98
2020,11,27,0,16.81,26.15,9.07,72.4
2020,11,28,0,15.89,25.5,8.33,71.99
2020,11,29,0,15.6,26,8.23,69.13
2020,11,30,0,16.41,26.85,10.87,66.94
2020,12,1,0,16.69,26.33,9.8,62.02
2020,12,2,0,17.23,27.08,10.1,63.02
2020,12,3,0,17.15,27.19,10.7,58.12
2020,12,4,0,17.91,29.42,13.28,60.18
2020,12,5,0,19.12,30.23,12.83,67.91
2020,12,6,0,19.23,29.11,14.23,62.16
2020,12,7,0,18.44,28.52,11.68,47.93
2020,12,8,0,18.38,28.15,13.22,54.16
2020,12,9,0,19.56,29.67,13.83,63.87
2020,12,10,0,20.09,28.86,12.69,61.44
2020,12,11,0.01,20.26,28.1,12.46,40.09
2020,12,12,0.52,19.79,25.48,14.73,45.62
2020,12,13,0,15.38,22.37,9.69,43.68
2020,12,14,0,13.12,21.69,6.11,56.33
2020,12,15,0,12.4,19.51,5.82,41.93
2020,12,16,0,12.44,21,6.34,47.5
2020,12,17,0,10.09,17.88,3.01,55.8
2020,12,18,0,11.15,20.93,3.94,66.04
2020,12,19,0,12.71,23.6,4.74,66.14
2020,12,20,0,13.73,23.26,6.08,61.39
2020,12,21,0,13.41,21.35,6.99,56.85
2020,12,22,0,15.14,24.16,8.8,58.44
2020,12,23,0,14.26,24.34,7.27,50.68
2020,12,24,0,13.6,23.52,7.09,50.02
2020,12,25,0,12.73,22.65,6.19,54.29
2020,12,26,0,13.62,23.44,6.08,54.26
2020,12,27,0,15.19,24.07,10.15,50.3
2020,12,28,0,11.08,19.76,3.87,56.38
2020,12,29,0,10.48,19.9,3.77,58.78
2020,12,30,0,10.13,18.52,4.63,45.96
2020,12,31,0,10.13,20.77,2.77,41.67
2021,1,1,0,11.48,20.9,5.5,37.55
2021,1,2,9,13.15,18.27,10.79,19.92
2021,1,3,11.59,14.81,20.37,11.01,18.62
2021,1,4,2.76,16.72,24.95,10.73,34.69
2021,1,5,10.13,16.71,22.32,14.13,28.11
2021,1,6,7.23,15.71,21.48,12.19,11.73
2021,1,7,0.65,13.71,20.54,8.52,25.38
2021,1,8,0.74,14.17,21.81,7.97,23.04
2021,1,9,0.01,14.61,21.72,8.86,25.55
2021,1,10,0,11.86,17.9,7.33,51.85
2021,1,11,0,10.3,19.36,3.37,49.76
2021,1,12,0,10.76,20.8,4.05,59.36
2021,1,13,0,9.35,19.79,3.34,54.59
2021,1,14,0,10.12,20.78,5.3,54.32
2021,1,15,0,10.33,20.73,7.54,46.5
2021,1,16,0,9.77,21.49,3.37,42.21
2021,1,17,0,9.62,18.23,4.18,47.93
2021,1,18,0,12.19,18.86,9.47,28.52
2021,1,19,0,13.48,23.05,6.63,28.24
2021,1,20,0,12.75,23.37,5.98,55.68
2021,1,21,0,12.44,23.67,6.04,73.72
2021,1,22,0,12.62,24.2,6.41,66.93
2021,1,23,0,13.04,22.3,6.57,58.07
2021,1,24,0,11.08,19.55,5.23,44.51
2021,1,25,0,9.73,19.8,2.06,42.84
2021,1,26,0,10.94,20.81,4.1,59.95
2021,1,27,0,10.86,21.33,4.15,70.45
2021,1,28,0,10.27,20.75,4.48,62.06
2021,1,29,0,10.26,21.19,3.05,68.65
2021,1,30,0,10.95,22.61,3.44,73.38
2021,1,31,0,12.23,24.12,6.28,78.59
2021,2,1,0,13.82,26.33,8.34,77.78
2021,2,2,0,14.69,26.68,8.81,78.27
2021,2,3,0.03,15.59,27.38,7.63,78.98
2021,2,4,3.04,15.3,24.4,9.36,50.26
2021,2,5,0.07,14.3,22.52,7.67,67.38
2021,2,6,0,13.81,23.14,6.15,84.83
2021,2,7,0,13.78,23.54,6.68,84.28
2021,2,8,0,14.57,25.12,7.98,78.73
2021,2,9,0,16.75,27.3,8.49,76.57
2021,2,10,0,17.98,28.43,12.65,81.41
2021,2,11,0,16.5,26.19,9.91,70.15
2021,2,12,0,16.32,26.04,12.07,63.76
2021,2,13,0,16.68,27.55,11.98,64.59
2021,2,14,0,17.1,28.12,12.45,74.73
2021,2,15,0,18.25,29,12.51,75.3
2021,2,16,0,18.92,29.32,11.6,74.67
2021,2,17,0,18.15,28.29,11.52,72.46
2021,2,18,0,18.12,28.71,11.54,72.48
2021,2,19,0,17.9,28.3,10.22,71.95
2021,2,20,0,17.56,28.51,10.8,78.2
2021,2,21,0,18.08,29.42,10.28,86.91
2021,2,22,0,20.33,31.1,13.69,90.18
2021,2,23,0,21.3,32.82,15.18,95.96
2021,2,24,0,21.89,33.36,17.16,95.05
2021,2,25,0,22.24,33.21,14.76,95.44
2021,2,26,0,23.52,34.39,14.01,99.77
2021,2,27,0.14,24.27,33.35,17.21,96.81
2021,2,28,0,22.52,31.82,14.51,98.48
2021,3,1,0,20.73,30.05,11.75,99.7
2021,3,2,0,20.77,30.55,12.07,107.8
2021,3,3,0,21.89,32.88,12.44,106.43
2021,3,4,0,23.53,34.48,18.06,104.66
2021,3,5,0,23.22,32.93,13.87,102.31
2021,3,6,0,24.3,35.43,14.55,107
2021,3,7,0,26.13,36.22,16.02,103.02
2021,3,8,0.04,25.9,34.58,18.3,90.39
2021,3,9,0.45,26.58,34.22,19.22,91.89
2021,3,10,0.39,26.62,34.1,18.93,98.75
2021,3,11,0,26.6,35.42,18.18,98.11
2021,3,12,2.92,23.51,29.33,18.4,62.07
2021,3,13,0,24.91,32.91,15.25,102.62
2021,3,14,0,25.71,33.37,17.01,108.52
2021,3,15,0,24.53,33.19,17.2,93.81
2021,3,16,0,25.51,34.34,17.2,86.13
2021,3,17,0,27.4,35.58,18.77,93.23
2021,3,18,0,28.63,36.22,19.33,84.09
2021,3,19,0,27.78,34.44,20.9,92.6
2021,3,20,0,27.23,35.37,18.13,112.07
2021,3,21,0,28.63,37.07,20.18,104.01
2021,3,22,0.1,27.11,32.87,20.08,80.59
2021,3,23,0,28.78,35.08,21.55,49.16
2021,3,24,0.04,27.15,33.93,17.87,105.44
2021,3,25,0,25.35,32.69,16.03,99.92
2021,3,26,0,25.81,33.94,15.69,118.41
2021,3,27,0,28.36,37.18,18.64,117.68
2021,3,28,0,29.47,39.12,19.92,112.98
2021,3,29,0,31.3,41.85,20.55,121.36
2021,3,30,0,30.05,38.75,21.66,109.59
2021,3,31,0,28.43,37.68,18.06,124.87
2021,4,1,0,26.66,36.67,15.52,133.97
2021,4,2,0,26.59,36.49,15.92,129.87
2021,4,3,0,26.48,36.54,15.57,131.71
2021,4,4,0,28.11,38.86,16.75,129.05
2021,4,5,0,30.28,38.82,18.47,105.68
2021,4,6,0,31.19,39.8,21.42,110.51
2021,4,7,0,30.71,38.12,20.32,114.02
2021,4,8,0,28.87,36.63,17.49,121.62
2021,4,9,0,28.85,37.67,17.27,126.51
2021,4,10,0,30.01,38.22,18.99,130.01
2021,4,11,0,30.62,39.72,18.98,129.64
2021,4,12,0,31.83,40.42,22.17,121.84
2021,4,13,0,32.81,40.75,22.91,121.8
2021,4,14,0,33.34,41.19,22.81,112.31
2021,4,15,0,33.4,40.94,24.46,113.97
2021,4,16,2.28,33.33,41.45,24.3,72.95
2021,4,17,0.01,30.84,36.32,22.12,130.2
2021,4,18,0,30.99,37.6,20.61,127.42
2021,4,19,0,32.77,39.49,22.62,127.72
2021,4,20,0.25,28.6,35.08,22.3,73.8
2021,4,21,0.1,28.17,33.33,19.02,121.59
2021,4,22,0.02,30.57,35.08,19.56,133.1
2021,4,23,0.26,31.12,37.93,21.43,120.16
2021,4,24,0.15,28.75,36.45,17.64,135.95
2021,4,25,0,29.87,39.04,18.32,137.95
2021,4,26,0,31.79,41.08,20.28,138.38
2021,4,27,0,33.68,42.9,25.69,133.34
2021,4,28,0,35.02,43.62,24.64,118.66
2021,4,29,0,35.51,43.3,25.31,102.2
2021,4,30,0.38,35.59,42.42,25.85,108.55
2021,5,1,0.4,35.81,41.5,26.03,103.32
2021,5,2,0,34.8,40.17,27.07,90.62
2021,5,3,0,35.62,40.24,27.42,116.63
2021,5,4,0,35.92,41.67,26.7,113.36
2021,5,5,0.01,36.7,41.05,25.58,129.85
2021,5,6,5.86,35.4,41.4,24.64,88.45
2021,5,7,0.01,34.32,37.87,25.96,120.62
2021,5,8,0,34.69,39.03,25.73,117.79
2021,5,9,0,35.63,40.67,24.65,105.21
2021,5,10,1.74,35.79,40.83,27.8,108.92
2021,5,11,0.08,35.87,41.13,25.15,124.6
2021,5,12,0.57,35.82,39.72,26.92,103.71
2021,5,13,1.61,33.83,35.89,26.28,116.38
2021,5,14,0.01,35.01,38.46,24.37,126.47
2021,5,15,0.01,36.51,40.12,26.53,101.1
2021,5,16,0.12,37.26,41.48,26.08,130.77
2021,5,17,0.01,35.31,38.56,27.73,75.05
2021,5,18,2.2,32.19,34.29,26.23,38.23
2021,5,19,57.13,26.65,32.12,21.96,28.58
2021,5,20,17.73,28.71,34.92,21.25,122.36
2021,5,21,16.86,29.38,34.4,22.41,123.33
2021,5,22,2.57,30.65,36.19,23.47,138.96
2021,5,23,0,29.95,35.51,22.23,114.76
2021,5,24,0,29.9,37.23,21.79,142.46
2021,5,25,0,31.53,40.29,22.62,146.72
2021,5,26,0,33.12,40.68,24.67,142.21
2021,5,27,0,33.97,41.6,26.14,139.57
2021,5,28,0,33.92,40.81,23.4,140.83
2021,5,29,0.21,34.1,39.87,25.8,140.14
2021,5,30,0.17,34.61,39.46,25.33,114.77
2021,5,31,0,36.71,40.87,28.15,132.25
2021,6,1,16.48,31.7,35.34,26.04,81.45
2021,6,2,0.31,33.49,38.14,25.3,94.28
2021,6,3,0.02,33.59,37.3,26.97,131.47
2021,6,4,2.02,35.87,39.79,25.95,107.55
2021,6,5,3.18,35.85,39.76,27.44,120.91
2021,6,6,0.13,35.39,39.26,27.06,132.89
2021,6,7,0,36.08,41.68,27.36,125
2021,6,8,0,36.48,42.61,29.06,127.99
2021,6,9,0,37.45,42.83,29.69,121.79
2021,6,10,0.51,37.29,41.29,28.64,119.32
2021,6,11,4.67,35.41,40.58,27.41,124.34
2021,6,12,4.4,36.32,40.81,27.94,113.97
2021,6,13,3.45,34.46,37.26,26.3,84.6
2021,6,14,0.6,35.49,39.21,28,128.85
2021,6,15,0.27,35.11,40.24,26.32,99.99
2021,6,16,4.39,34.24,36.25,27.85,102.11
2021,6,17,15.51,32.91,35.84,26.91,121.4
2021,6,18,3,33.56,37.42,25.95,113.38
2021,6,19,1.47,33.72,36.33,26.29,111.11
2021,6,20,0.36,33.69,36.44,25.1,114.95
2021,6,21,0.42,35.23,39.61,27.05,110.5
2021,6,22,0,35.94,40.83,27.31,122.41
2021,6,23,0,37.06,41.05,28.57,127.58
2021,6,24,0,36.52,40.8,27.12,108.97
2021,6,25,3.93,35.65,40.83,26.57,111.25
2021,6,26,1.88,34.85,38.98,25.3,118.08
2021,6,27,0.07,36.11,40.51,26.87,116.66
2021,6,28,0,36.65,40.8,27.81,119.88
2021,6,29,0,37.39,43.92,29.54,135.52
2021,6,30,0,38.19,44.58,29.94,134.96
2021,7,1,0,39.19,43.69,30.85,126.63
2021,7,2,9.8,38.62,43.08,29.19,106.2
2021,7,3,4.49,35.84,40.62,27.33,106.19
2021,7,4,0.04,37.08,40.33,29.35,121.4
2021,7,5,0.02,37.41,41.1,29.62,119.18
2021,7,6,0,38.35,42.08,29.99,124.76
2021,7,7,0.02,39.08,43.47,30.97,127.16
2021,7,8,0.96,39.83,43.23,31.04,124.1
2021,7,9,5.98,37.07,40.03,30.55,113.88
2021,7,10,0.03,37.78,40.6,29.98,116.5
2021,7,11,0.84,36.25,39.55,29.98,99.3
2021,7,12,3.18,32.15,33.62,28.3,79.01
2021,7,13,23.26,30.68,33.83,26.8,57.32
2021,7,14,23.52,30.16,33.51,26.66,46.72
2021,7,15,2.73,33.04,37.46,26.17,100.8
2021,7,16,0.75,35.75,39.55,28.49,118.23
2021,7,17,1.32,35.69,39.43,28.81,103.97
2021,7,18,45.11,33.19,38.08,28.64,61.3
2021,7,19,45.66,28.52,29.95,26.47,12.54
2021,7,20,35.86,28.61,30.65,25.33,82.67
2021,7,21,4.62,30.48,33.64,26.63,98.15
2021,7,22,4.42,30.56,33.96,26.52,91.38
2021,7,23,3.46,29.91,32.83,26.55,95.1
2021,7,24,0.45,30.77,33.77,26.69,107.55
2021,7,25,0.03,32.2,35.96,27.76,121.59
2021,7,26,12.64,28.84,30.83,26.92,67.04
2021,7,27,55.47,29.28,32.21,26.48,50.62
2021,7,28,9.53,28.05,30.36,26.01,20.33
2021,7,29,18.52,28.58,31.24,25.8,64.48
2021,7,30,36.15,28.8,31.62,26.15,62.67
2021,7,31,21.3,27.97,30.38,26.14,102.62
2021,8,1,13.3,30.03,33.15,26.28,62.04
2021,8,2,4.01,28.9,31.3,26.46,72.52
2021,8,3,3.91,29.14,32.42,26.22,91.32
2021,8,4,0.02,29.02,32.45,25.5,105.62
2021,8,5,1.95,29.44,31.96,25.69,84.38
2021,8,6,0.91,28.66,32.67,25.98,108.9
2021,8,7,14.08,27.44,30.73,25.09,61.7
2021,8,8,3.73,28.52,31.55,25.64,71.54
2021,8,9,5.57,29.28,32.31,26.1,93.1
2021,8,10,0.04,29.69,34.37,26.05,118.46
2021,8,11,0,28.82,34.11,23.98,124.18
2021,8,12,5.73,28.93,33.88,23.64,120.77
2021,8,13,20.63,29.27,34.05,24.79,117.46
2021,8,14,0,29.62,34.83,25.58,122.68
2021,8,15,0,29.43,34.37,24.43,119.91
2021,8,16,0,29.65,34,25.22,123.8
2021,8,17,0,29.65,34.83,25.37,123.33
2021,8,18,0,29.48,34.82,25.81,115.7
2021,8,19,0.55,29.68,34.72,25.2,97.76
2021,8,20,24.29,27.33,30.3,25.15,49.45
2021,8,21,46.38,27.65,31.33,24.64,32.41
2021,8,22,1.99,28.65,32.3,25.53,74.52
2021,8,23,0.3,29.05,32,25.54,95.07
2021,8,24,0.1,28.91,32.37,26.31,110.26
2021,8,25,1.3,28.38,34.12,24.75,124.12
2021,8,26,0,28.64,33.92,23.65,108.48
2021,8,27,2.35,29.08,34.51,24.19,116.45
2021,8,28,4.33,29.11,33.72,24.8,104.05
2021,8,29,0.11,29.23,33.48,24.93,80.19
2021,8,30,0.34,28.49,32.05,24.89,98.57
2021,8,31,6.39,27.58,31.3,23.3,56.71
2021,9,1,70.22,26.37,29.44,24.1,43.85
2021,9,2,26.49,26,28.65,23.79,86.55
2021,9,3,14.77,27.52,30.98,24.68,89.58
2021,9,4,9.8,27.97,30.66,25.61,83.04
2021,9,5,2.89,28.47,31.43,25.13,95.81
2021,9,6,1.27,29.03,32.98,24.54,95.55
2021,9,7,2.58,28.45,31.99,26.06,75.37
2021,9,8,0.17,27.71,30.87,25.51,97.31
2021,9,9,3.72,27.12,30.46,24.72,75.23
2021,9,10,15.77,27.12,29.94,24.55,84.71
2021,9,11,30.3,26.16,28.22,24.99,42.28
2021,9,12,20.54,25.98,28.23,24.8,81.59
2021,9,13,6.52,26.9,31.39,23.09,73.85
2021,9,14,1.32,27.11,32.24,23,95.61
2021,9,15,0.27,27.06,32.6,22.62,114.72
2021,9,16,10.15,26.34,30.27,23.15,73.3
2021,9,17,0.54,26.03,30.66,22.44,84.05
2021,9,18,0.01,26.84,30.78,23.11,88.78
2021,9,19,0.01,27.71,31.16,24.27,100.52
2021,9,20,0,28.19,32.33,23.75,94.7
2021,9,21,8.03,27.8,31.81,25.28,84.55
2021,9,22,6.61,26.17,28.67,24.62,48.72
2021,9,23,13.8,25.45,28.78,23.24,75.84
2021,9,24,4.41,26.4,30.91,21.61,83.09
2021,9,25,1.15,27.25,31.33,23.37,81.96
2021,9,26,0.4,27.15,30.68,23.58,76.35
2021,9,27,0.04,27.26,31.65,22.98,77.44
2021,9,28,0,27.05,32.21,23.37,98.47
2021,9,29,0.01,26.62,30.25,23.57,101.31
2021,9,30,0.23,27.34,31.34,23.81,93.9
2021,10,1,0.62,28.37,32.24,24.42,97.14
2021,10,2,0.62,28.2,32.15,25.14,79.59
2021,10,3,0.08,27.84,32.81,24.12,92.71
2021,10,4,0.28,28.21,33.1,24.37,104.09
2021,10,5,4.08,27.63,32.73,23.05,85.67
2021,10,6,0.35,27.06,31.92,22.98,97.8
2021,10,7,0,25.21,31.62,20.7,98.1
2021,10,8,0,24.9,32.99,20.77,97.95
2021,10,9,0,25.01,33.27,22.29,103.67
2021,10,10,0,25.33,33.83,20.96,100.81
2021,10,11,0,25.65,34.19,19.25,94.9
2021,10,12,0,25.19,33.34,19.69,98.46
2021,10,13,0,23.13,31.45,18.77,100.32
2021,10,14,0,21.89,30.65,16.25,95.82
2021,10,15,0,23.75,32.15,17.29,94.41
2021,10,16,0.01,24.59,31.89,19.57,90.03
2021,10,17,22.47,24.11,29.05,21.55,51.98
2021,10,18,32.83,21.97,25.71,20.08,24.54
2021,10,19,0.01,22.37,27.98,19.05,86.28
2021,10,20,0,21.65,29.86,17.51,83.02
2021,10,21,0,20.19,29.83,14.19,96.38
2021,10,22,0,22.11,30.81,15.8,95.95
2021,10,23,0,22.49,29.73,17.08,86.88
2021,10,24,14.07,21.83,27.78,17.26,67.05
2021,10,25,2.17,21.51,27.14,16.93,76.04
2021,10,26,0,19.47,26.43,14.85,83.79
2021,10,27,0,18.54,26.49,15.15,80.51
2021,10,28,0,18.48,26.68,13.9,79.08
2021,10,29,0,18.83,27.71,15.51,75.05
2021,10,30,0,18.29,27.02,12.94,75.59
2021,10,31,0,18.55,28.12,13.04,76.45
2021,11,1,0,18.49,28.51,12.64,73.43
2021,11,2,0,18.81,27.93,13.05,66.98
2021,11,3,0.01,19.6,28.43,14.3,67.52
2021,11,4,0,18.44,25.85,14.87,54.97
2021,11,5,0,17.77,25.51,15.34,46.12
2021,11,6,0,17.31,25.96,12.98,49.13
2021,11,7,0,17.8,26.9,13.36,57.27
2021,11,8,0,17.55,26.69,14.15,52.07
2021,11,9,0,17.84,27.64,13.92,63.04
2021,11,10,0,17.8,27.49,15.63,57.16
2021,11,11,0,17.63,27.98,15.72,51.24
2021,11,12,0,15.98,24.99,15.17,47.67
2021,11,13,0,15.86,26.24,11.62,57.09
2021,11,14,0,15.47,25.86,12.26,54.66
2021,11,15,0,14.82,25.12,12.65,49.37
2021,11,16,0,14.13,24.59,10.13,57.99
2021,11,17,0,14.17,24.27,11.94,59.01
2021,11,18,0,14.81,24.3,10.98,60.23
2021,11,19,0,14.73,24.4,11.15,57.47
2021,11,20,0,13.88,17.95,13.1,56.59
2021,11,21,0,15.46,25.29,9.78,62.04
2021,11,22,0,14.61,25.3,9.1,72.8
2021,11,23,0,14.21,25.51,8.51,72.42
2021,11,24,0,14.73,26.45,9.13,69.94
2021,11,25,0,15.15,25.98,8.45,67.5
2021,11,26,0,15.28,25.23,12.67,61.34
2021,11,27,0,15.01,23.94,9.65,56.57
2021,11,28,0,15.74,24.71,10.33,59.8
2021,11,29,0,15.12,25.23,11.87,56.77
2021,11,30,0,14.66,24.32,8.76,60.18
2021,12,1,0,13.15,18.98,12.38,34.18
2021,12,2,0,13.4,19.41,11.23,25.38
2021,12,3,0.77,14.98,24.05,9.25,52.91
2021,12,4,0,15.94,25.28,12.19,65.54
2021,12,5,0.11,16.93,25.33,10.94,40.24
2021,12,6,0.26,16.84,24.44,12.4,49.77
2021,12,7,0,14.19,23.39,8.51,62.33
2021,12,8,0,13.36,23.12,8.36,64.18
2021,12,9,0,13.1,22.95,10.44,57.86
2021,12,10,0,13.07,22.34,8.01,56.05
2021,12,11,0,12.55,22.57,6.8,58.68
2021,12,12,0,13.09,21.9,9.98,57.38
2021,12,13,0,10.76,17.31,7.91,48.28
2021,12,14,0,12.13,20.65,6.31,42.99
2021,12,15,0,12.25,21.12,6.87,38.49
2021,12,16,0,11.33,19.92,5.65,27.7
2021,12,17,0,8.96,18.31,3.55,45.52
2021,12,18,0,7.44,17.44,1.8,55.76
2021,12,19,0,7.13,18.02,0.92,62.63
2021,12,20,0,8.3,19.69,1.54,61.9
2021,12,21,0,9.89,21.57,7.98,60.68
2021,12,22,0,11.33,22.37,8.33,60.05
2021,12,23,0,11.89,21.86,6.8,51.47
2021,12,24,0,12.37,22.07,6.44,51.07
2021,12,25,0,12.44,21.45,7.89,48.41
2021,12,26,0.5,12.66,19.37,9.09,23.37
2021,12,27,1.97,14.54,21.55,10.5,45.96
2021,12,28,0.83,13.37,19.29,10.94,27.6
2021,12,29,1.09,11.62,20.57,6.31,52.27
2021,12,30,0,8.96,18.72,4.9,51.83
2021,12,31,0,9.27,18.81,4.61,56.27
2022,1,1,0,10.22,19.97,5.73,54.46
2022,1,2,0,11.2,20.9,7.66,47.83
2022,1,3,0,11.98,21.65,8.29,55.33
2022,1,4,0,14.05,23.97,10.93,47.34
2022,1,5,8.15,12.21,14.47,10.95,15.59
2022,1,6,0.4,13.68,19.22,9.98,38.4
2022,1,7,7.32,15.05,20.51,10.82,30.09
2022,1,8,34.69,15.09,18.53,12.83,20.69
2022,1,9,9.76,13.92,18.69,9.9,25.02
2022,1,10,0.05,10.9,17.33,5.79,52.16
2022,1,11,0,9.67,17.62,4.05,42.26
2022,1,12,0,9.61,17.58,3.3,44.22
2022,1,13,0,10.9,17.68,6.56,36.74
2022,1,14,0,10.3,17.58,6.85,26.22
2022,1,15,0,9.79,17.97,4.65,15.22
2022,1,16,0,10.3,17.74,4.98,46.92
2022,1,17,0,9.15,17.33,5.93,26.04
2022,1,18,0,9.63,18.38,4.38,39.22
2022,1,19,0.01,9.88,16.51,5.95,36.28
2022,1,20,0.46,11.76,18.14,7.58,37.05
2022,1,21,0.03,12.46,20,8.42,34.3
2022,1,22,18.28,11.04,14.58,9.26,14.9
2022,1,23,7.38,11.19,16.63,8.66,38.33
2022,1,24,0.08,10.21,15.82,4.67,44.48
2022,1,25,0,10.13,15.64,4.69,33.28
2022,1,26,0,9.23,16.65,4.15,52.42
2022,1,27,0,9.3,18.64,3.79,72.78
2022,1,28,0,9.32,19.74,3.15,79.41
2022,1,29,0,10.63,21.37,5.5,81.62
2022,1,30,0,11.55,22.11,5.26,80.74
2022,1,31,0,12.89,24.2,8.37,75.17
2022,2,1,0,12.94,23.28,8.66,53.15
2022,2,2,0,12.71,21.8,5.8,65.95
2022,2,3,4.61,11.24,17.15,7.58,27.13
2022,2,4,0.5,11.5,18.05,7.59,66.13
2022,2,5,0.03,10.37,19.54,5.87,71.93
2022,2,6,0,11.51,22.24,5.58,83.61
2022,2,7,0,13.91,24.39,5.88,78.37
2022,2,8,2.81,15.62,23.82,10.2,72.09
2022,2,9,6.82,11.55,15.73,9.73,61.09
2022,2,10,0,12.19,21.43,5.98,81.16
2022,2,11,0,11.81,21.23,5.77,90.72
2022,2,12,0,12.22,23.34,5.17,92.48
2022,2,13,0,13.35,24.31,7.99,85.89
2022,2,14,0,14.37,24.8,7.62,92.09
2022,2,15,0,15.48,25.51,8.31,88.63
2022,2,16,0,15.42,25.68,10.38,89.41
2022,2,17,0,15.5,25.84,10.15,90.66
2022,2,18,0.28,16.22,26.87,9.99,86.63
2022,2,19,0.12,15.69,25.14,9.06,89.32
2022,2,20,0,14.87,24.63,8.53,90.49
2022,2,21,0,15.51,26.62,7.58,97.73
2022,2,22,0,17.15,27.83,9.08,95.63
2022,2,23,0,16.86,24.77,9.93,73.45
2022,2,24,0,17.62,26.01,10.69,71.78
2022,2,25,3.36,18.72,27.58,11.54,76.87
2022,2,26,2.63,17.26,24.56,11.28,78.62
2022,2,27,0,17.16,25.44,10.77,89.32
2022,2,28,0,15.94,25.24,7.58,106.14
2022,3,1,0,16.95,27.08,9.87,97.16
2022,3,2,0,19.19,28.4,11.5,-999
2022,3,3,0.01,20.72,29.51,12.37,-999
2022,3,4,0,19.73,27.55,12.25,-999
2022,3,5,0,19.04,28.56,10.32,-999
2022,3,6,0,19.96,29.44,13.66,-999
2022,3,7,0,21.33,30.48,14.43,-999
2022,3,8,0,21.71,31.19,15.68,-999
2022,3,9,0,23.24,32.08,15.59,-999
2022,3,10,0,21.94,31.21,14.08,-999
2022,3,11,0,22.17,32.03,14.05,-999
2022,3,12,0,22.91,32.91,13.64,-999
2022,3,13,0,24.7,34.52,16.55,-999
2022,3,14,0,25.87,35.81,19.86,-999
2022,3,15,0,27.22,36.98,18.12,-999
2022,3,16,0,27.46,38.56,17.79,-999
2022,3,17,0,27.67,37.51,18.69,-999
2022,3,18,0,28.65,37.3,20.48,-999
2022,3,19,0,29.26,37.81,20.18,-999
2022,3,20,0,30.01,40.09,20.69,-999
2022,3,21,0,28.73,38.15,20.98,-999
2022,3,22,0,27.77,37.59,18.59,-999
2022,3,23,0,28.28,37.22,19.07,-999
2022,3,24,0,28.23,36.65,20.16,-999
2022,3,25,0,28.15,37.62,20.25,-999
2022,3,26,0,26.89,37.75,17.28,-999
2022,3,27,0,27.57,39.74,17.34,-999
2022,3,28,0,28.58,39.98,20.12,-999
2022,3,29,0,29.54,41.22,20.74,-999
2022,3,30,0,30.74,41.48,21.37,-999
2022,3,31,0,31.05,41.4,20.72,-999
2022,4,1,0,29.08,39.45,19.61,-999
2022,4,2,0,30.2,40.4,21.69,-999
2022,4,3,0,30.2,42.26,19.16,-999
2022,4,4,0,29.39,40.73,21.08,-999
2022,4,5,0,30.23,41,21.65,-999
2022,4,6,0,30.93,41.5,22.82,-999
2022,4,7,0,31.4,42.38,23.32,-999
2022,4,8,0,32.5,43.87,24.62,-999
2022,4,9,0,33.62,44.03,24.26,-999
2022,4,10,0,33.71,44.07,23.16,-999
2022,4,11,0,33.82,44.33,24.84,-999
2022,4,12,0,33.37,41.65,24.6,-999
2022,4,13,0,34.11,41.88,24.2,-999
2022,4,14,0,33.12,41.07,23.48,-999
2022,4,15,0,34.13,41.9,24.18,-999
2022,4,16,0,33.76,42.15,22.65,-999
2022,4,17,0,34.9,42.43,22.23,-999
2022,4,18,0,35.08,43.98,23.8,-999
2022,4,19,0,36.3,44.07,25.96,-999
2022,4,20,0,35.94,42.87,25.99,-999
2022,4,21,9.71,30.16,35.92,24.28,-999
2022,4,22,0,32.35,39.44,22.74,-999
2022,4,23,0,32.5,40.45,23.12,-999
2022,4,24,0,32.79,41.27,23.91,-999
2022,4,25,0,33.87,42.17,24.5,-999
2022,4,26,0,34.94,42.94,27.6,-999
2022,4,27,0,34.83,43.48,26.67,-999
2022,4,28,0,36.58,45.37,27,-999
2022,4,29,0,37.02,45.81,27.25,-999
2022,4,30,0,37.58,45.74,26.89,-999
2022,5,1,0,37.44,44.58,27.37,-999
2022,5,2,0,38.18,44.26,26.97,-999
2022,5,3,0,38.34,42.78,28.19,-999
2022,5,4,1.6,38.15,42.65,27.87,-999
2022,5,5,0.38,35.61,39.82,25.11,-999
2022,5,6,0,36.66,41.6,26.65,-999
2022,5,7,0,37.24,42.4,27.52,-999
2022,5,8,0,37.43,43.05,26.55,-999
2022,5,9,0,37.28,42.73,26.64,-999
2022,5,10,0,37.99,42.3,27.69,-999
2022,5,11,0,39.71,43.7,29.2,-999
2022,5,12,0,40.41,45.23,29.87,-999
2022,5,13,0,39.3,46.58,28.17,-999
2022,5,14,0,39.46,47.03,30.26,-999
2022,5,15,0,39.51,47.76,30.12,-999
2022,5,16,0,39.34,44.62,30.91,-999
2022,5,17,0,38.94,43.68,28.83,-999
2022,5,18,0,39.24,43.88,29.01,-999
2022,5,19,0,39.58,45.95,28.29,-999
2022,5,20,0,39.35,46.54,30.9,-999
2022,5,21,0.81,38.57,42.81,29.82,-999
2022,5,22,0,38.48,42.75,26.68,-999
2022,5,23,19.52,35.23,39.65,26.9,-999
2022,5,24,4.43,31.78,35.16,23.34,-999
2022,5,25,0.01,33.62,37.13,24.09,-999
2022,5,26,0,34.51,39.23,24.18,-999
2022,5,27,0,36.59,41.46,27.36,-999
2022,5,28,0,38.01,43.68,29.96,-999
2022,5,29,0,37.01,43.62,26.85,-999
2022,5,30,0,37.47,44.57,28.5,-999
2022,5,31,0,35.98,42.42,26.41,-999
2022,6,1,0,37.08,44.4,28.32,-999
2022,6,2,0,37.81,44.48,28.16,-999
2022,6,3,0,38.04,45.03,29.26,-999
2022,6,4,0,38.83,44.74,28.87,-999
2022,6,5,0,39.63,45.63,29.08,-999
2022,6,6,0,40.44,45.26,29.7,-999
2022,6,7,0,39.7,45.89,29.76,-999
2022,6,8,0,39.69,45.3,30.95,-999
2022,6,9,0,40.24,45.13,30.3,-999
2022,6,10,0,39.73,45.51,30.82,-999
2022,6,11,0,40.38,45.85,31.02,-999
2022,6,12,0,40.13,45.4,30.42,-999
2022,6,13,0,40.57,45.32,30.74,-999
2022,6,14,0,40.45,44.13,32.38,-999
2022,6,15,0,41.37,44.58,32.4,-999
2022,6,16,0.1,41.8,42.84,32.58,-999
2022,6,17,0.56,39.85,41.77,31.37,-999
2022,6,18,36.56,37.11,38.06,27.43,-999
2022,6,19,2.86,33.01,35.46,26.94,-999
2022,6,20,0.06,34.48,36.28,26.68,-999
2022,6,21,0.32,33.17,36.71,26.16,-999
2022,6,22,1.66,34.66,36.83,27.63,-999
2022,6,23,0,34.56,39.51,26.81,-999
2022,6,24,0,34.29,40.44,24.85,-999
2022,6,25,0,36.79,41.63,27.65,-999
2022,6,26,0,36.66,41.76,27.38,-999
2022,6,27,0.07,38.12,41.32,30.14,-999
2022,6,28,0.3,40.12,43.91,31.22,-999
2022,6,29,0.61,39.53,44.56,31.61,-999
2022,6,30,38.32,31.83,33.58,26.49,-999
2022,7,1,37.73,30.07,32.39,25.63,-999
2022,7,2,4.8,32.91,36.07,26.51,-999
2022,7,3,5.23,32.83,36.12,27.34,-999
2022,7,4,1.38,34.61,38.11,27.7,-999
2022,7,5,9.2,33.76,38.21,28.68,-999
2022,7,6,0.81,34.34,38.93,27.6,-999
2022,7,7,0.81,35.26,38.79,29.04,-999
2022,7,8,0.42,35.63,39.27,29.25,-999
2022,7,9,15.25,29.73,30.96,27.67,-999
2022,7,10,13.13,31.13,34.69,26.83,-999
2022,7,11,2.37,33.73,37.33,26.56,-999
2022,7,12,1.91,34.22,37.03,28.21,-999
2022,7,13,0.96,34.51,37.76,27.41,-999
2022,7,14,2.93,33.11,37.56,28.32,-999
2022,7,15,0.93,33.79,38.51,28.07,-999
2022,7,16,1.89,32.23,35.76,27.69,-999
2022,7,17,0.33,34.32,38.51,26.57,-999
2022,7,18,0.52,35.66,39.92,28.13,-999
2022,7,19,0.95,36.45,39.89,29.05,-999
2022,7,20,5.46,31.99,33.19,28.92,-999
2022,7,21,6.28,32.29,34.5,27.51,-999
2022,7,22,5.24,31.21,33.63,26.86,-999
2022,7,23,3.54,31.07,35.87,26.56,-999
2022,7,24,0.18,32.36,36.55,26.4,-999
2022,7,25,0.9,32.26,35.98,26.87,-999
2022,7,26,3.78,31.76,35.4,26.3,-999
2022,7,27,1.04,32.43,36.22,26.43,-999
2022,7,28,4.13,32.26,35.72,26.33,-999
2022,7,29,22.38,30.23,33.94,26.6,-999
2022,7,30,12.19,30.26,33.92,26.1,-999
2022,7,31,6.49,30.01,32.81,25.9,-999
2022,8,1,23.89,29.66,33.14,26.12,-999
2022,8,2,0.27,31.85,35.87,25.79,-999
2022,8,3,3.49,32.48,35.48,27.63,-999
2022,8,4,3.92,31.37,34.51,27.29,-999
2022,8,5,5.34,29.63,32.94,25.98,-999
2022,8,6,5.6,31.51,35.13,25.8,-999
2022,8,7,10.06,29.09,31.36,26.48,-999
2022,8,8,1.89,30.76,35.14,25.3,-999
2022,8,9,1.09,30.87,34.61,26.71,-999
2022,8,10,0.1,32.3,37.33,26.26,-999
2022,8,11,0.17,29.53,33.85,26.44,-999
2022,8,12,0.09,31.12,36.31,25.54,-999
2022,8,13,1.11,31.3,36.12,25.52,-999
2022,8,14,3.57,31.23,35.31,26.8,-999
2022,8,15,2.06,29.37,33.38,25.73,-999
2022,8,16,5.51,29.33,33.8,25.9,-999
2022,8,17,2.85,29.72,33.82,24.88,-999
2022,8,18,1.22,31.55,35.44,25.73,-999
2022,8,19,0.24,31.86,35.52,26.08,-999
2022,8,20,1.34,30.32,33.01,26.32,-999
2022,8,21,0.02,31.9,37.06,25.89,-999
2022,8,22,1.21,31.9,36.51,26.38,-999
2022,8,23,0.47,31.12,35.43,26.63,-999
2022,8,24,0.17,30.87,35.71,25.61,-999
2022,8,25,1.81,31.62,35.9,25.19,-999
2022,8,26,1.18,31.64,35.57,25.87,-999
2022,8,27,4.84,30.76,34.55,25.01,-999
2022,8,28,1.41,31.59,35.2,25.58,-999
2022,8,29,0.73,32.3,36.03,25.56,-999
2022,8,30,1.87,32.34,36.26,27.24,-999
2022,8,31,0.19,33.34,38.42,26.17,-999
2022,9,1,0.56,33.82,38.29,27.19,-999
2022,9,2,0.34,32.91,37.35,27.62,-999
2022,9,3,0.2,33.05,37.67,26.53,-999
2022,9,4,0.01,33.29,38.94,25.54,-999
2022,9,5,0.59,33.8,37.59,25.94,-999
2022,9,6,0.41,33.75,37.79,26.9,-999
2022,9,7,0.01,33.69,38.98,26.23,-999
2022,9,8,0,33.67,38.9,26.15,-999
2022,9,9,0.09,34.05,38.51,27.23,-999
2022,9,10,1.65,33.5,37.3,27.23,-999
2022,9,11,2.98,31.67,35.56,27.1,-999
2022,9,12,0.49,32.19,36.29,26.52,-999
2022,9,13,1.01,32.29,37.72,26.21,-999
2022,9,14,4.64,30.8,35.24,26.12,-999
2022,9,15,3.34,29.18,32.89,24.82,-999
2022,9,16,9.7,28.76,33.01,23.31,-999
2022,9,17,0.18,31.53,36.96,24.84,-999
2022,9,18,0.19,31.97,37.11,25.1,-999
2022,9,19,0.02,31.55,36.42,25.41,-999
2022,9,20,3.17,31.75,36.09,25.76,-999
2022,9,21,7.65,29.81,33.35,26.08,-999
2022,9,22,11.9,28.65,32.34,25.23,-999
2022,9,23,8.1,28.67,32.62,24.79,-999
2022,9,24,11.4,26.85,30.27,24.87,-999
2022,9,25,1.1,29.49,34.39,24.18,-999
2022,9,26,0.73,29.64,34.65,23.8,-999
2022,9,27,0.04,30,35.12,23.29,-999
2022,9,28,0.15,30.37,36.37,23.91,-999
2022,9,29,0.01,29.78,35.93,23.44,-999
2022,9,30,0.03,29.76,35.87,22.95,-999
2022,10,1,0.01,29.74,36.64,22.44,-999
2022,10,2,0.16,29.46,36.54,23.02,-999
2022,10,3,0,28.76,36.16,21.72,-999
2022,10,4,0,29.54,36.19,21.8,-999
2022,10,5,0.26,30.33,35.56,23.44,-999
2022,10,6,0,29.02,33.38,22.62,-999
2022,10,7,17.81,26.87,30.53,22.28,-999
2022,10,8,32.33,23.83,26.79,20.59,-999
2022,10,9,62.79,23.95,27.83,20.56,-999
2022,10,10,2.93,25.42,29.6,21.01,-999
2022,10,11,2.45,25.6,29.87,21.26,-999
2022,10,12,0.22,24.99,30.75,20.81,-999
2022,10,13,0,23.73,31.23,19.65,-999
2022,10,14,0,23.15,30.8,18.32,-999
2022,10,15,0,23.58,31.26,19.32,-999
2022,10,16,0,24.43,32.21,18.59,-999
2022,10,17,0,23.7,31.76,18.1,-999
2022,10,18,0,23.3,32.52,18.18,-999
2022,10,19,0,23.69,33.01,17.99,-999
2022,10,20,0.01,24.33,33.97,16.8,-999
2022,10,21,0,24.1,33.29,17.82,-999
2022,10,22,0,22.7,30.89,17.38,-999
2022,10,23,0.01,22.12,30.69,16.55,-999
2022,10,24,0,22.01,31.79,17.03,-999
2022,10,25,0,21.19,31.17,14.69,-999
2022,10,26,0,22.12,32.18,18.5,-999
2022,10,27,0,22.45,32.26,16.32,-999
2022,10,28,0,22.34,32.06,15.98,-999
2022,10,29,0,21.99,31.19,17.38,-999
2022,10,30,0,21.27,31.28,17.3,-999
2022,10,31,0,21.5,31.9,16.6,-999
2022,11,1,0,22.83,32.76,16.31,-999
2022,11,2,0,22.48,31.53,17.75,-999
2022,11,3,0,22.46,32.1,17.32,-999
2022,11,4,0,23.69,33.46,17.16,-999
2022,11,5,0.12,22.86,29.86,17.63,-999
2022,11,6,0.13,22.65,29.27,17.34,-999
2022,11,7,0.04,22.94,29.55,19.15,-999
2022,11,8,3.64,22.55,29.54,18.21,-999
2022,11,9,8.45,22.18,28.94,17.48,-999
2022,11,10,0.3,21.9,29.32,17.26,-999
2022,11,11,0,19.7,28.19,14.06,-999
2022,11,12,0,18.94,28.82,12.62,-999
2022,11,13,0,18.99,27.74,12.51,-999
2022,11,14,0,20.56,29.9,14.99,-999
2022,11,15,0.01,20.87,28.25,14.32,-999
2022,11,16,0.01,19.06,26.34,13.7,-999
2022,11,17,0,17.62,25.99,11.96,-999
2022,11,18,-999,-999,-999,-999,-999
2022,11,19,-999,-999,-999,-999,-999
2022,11,20,-999,-999,-999,-999,-999
2022,11,21,0,17.14,27.72,10.23,-999
2022,11,22,0,16.51,26.52,9.9,-999
2022,11,23,0,16.11,26.93,8.97,-999
2022,11,24,0,16.55,27.22,9.12,-999
2022,11,25,0,16.51,26.56,14.12,-999
2022,11,26,0,15.76,27.62,10.11,-999
2022,11,27,0,15.81,26.75,11.91,-999
2022,11,28,0,15.94,26.67,12.04,-999
2022,11,29,0,15.83,24.82,12.35,-999
2022,11,30,0,16.25,25.58,12.91,-999
2022,12,1,0,15.81,25.88,10.48,-999
2022,12,2,0,16.48,25.42,12.67,-999
2022,12,3,0,16.71,25.37,11.53,-999
2022,12,4,0,16.02,25.36,12.12,-999
2022,12,5,0,15.31,25.19,12.19,-999
2022,12,6,0,14.28,25.09,8.5,-999
2022,12,7,0,14.58,25.11,8.26,-999
2022,12,8,-999,-999,-999,-999,-999
2022,12,9,-999,-999,-999,-999,-999
